-- phpMyAdmin SQL Dump
-- version 5.1.0
-- https://www.phpmyadmin.net/
--
-- Хост: 192.168.0.148:3306
-- Время создания: Май 11 2022 г., 13:13
-- Версия сервера: 8.0.24
-- Версия PHP: 7.1.33

SET SQL_MODE = "NO_AUTO_VALUE_ON_ZERO";
START TRANSACTION;
SET time_zone = "+00:00";


/*!40101 SET @OLD_CHARACTER_SET_CLIENT=@@CHARACTER_SET_CLIENT */;
/*!40101 SET @OLD_CHARACTER_SET_RESULTS=@@CHARACTER_SET_RESULTS */;
/*!40101 SET @OLD_COLLATION_CONNECTION=@@COLLATION_CONNECTION */;
/*!40101 SET NAMES utf8mb4 */;

--
-- База данных: `gamenews_db`
--

-- --------------------------------------------------------

--
-- Структура таблицы `articles`
--

CREATE TABLE `articles` (
  `id` int NOT NULL,
  `title` varchar(255) CHARACTER SET utf8 COLLATE utf8_general_ci NOT NULL,
  `prewie_text` text CHARACTER SET utf8 COLLATE utf8_general_ci NOT NULL,
  `full_text` text CHARACTER SET utf8 COLLATE utf8_general_ci NOT NULL,
  `img` text CHARACTER SET utf8 COLLATE utf8_general_ci NOT NULL,
  `games_id` int NOT NULL,
  `pubdate` datetime NOT NULL DEFAULT CURRENT_TIMESTAMP,
  `views` int NOT NULL DEFAULT '0',
  `slider` int NOT NULL DEFAULT '0'
) ENGINE=InnoDB DEFAULT CHARSET=utf8mb3;

--
-- Дамп данных таблицы `articles`
--

INSERT INTO `articles` (`id`, `title`, `prewie_text`, `full_text`, `img`, `games_id`, `pubdate`, `views`, `slider`) VALUES
(1, 'СОВЕТЫ И РЕКОМЕНДАЦИИ ПО ПВП DEATHLOOP', '<p>Раскройте таинственное прошлое Кольта, уничтожьте Провидцев и разорвите временную петлю, удерживающую остров (и всех на нем) в нескончаемом цикле насилия и разврата. Или, черт возьми, решите, что вам нравится разврат, и играйте за соперницу Кольта, Джулианну, когда вы вторгаетесь в его кампанию и боретесь за то, чтобы сохранить временной цикл. DEATHLOOP теперь доступен исключительно на консолях для PlayStation 5. Теперь он также доступен на ПК.</p>\r\n<p>Узнайте все, что вам нужно знать о DEATHLOOP, здесь. Готовы прыгнуть и начать вычеркивать Провидцев из своего списка “На убийство”?</p> \r\n\r\n<p>Deathloop доступна на следующих сервисах:</p>', '<p>Раскройте таинственное прошлое Кольта, уничтожьте Провидцев и разорвите временную петлю, удерживающую остров (и всех на нем) в нескончаемом цикле насилия и разврата. Или, черт возьми, решите, что вам нравится разврат, и играйте за соперницу Кольта, Джулианну, когда вы вторгаетесь в его кампанию и боретесь за то, чтобы сохранить временной цикл. DEATHLOOP теперь доступен исключительно на консолях для PlayStation 5. Теперь он также доступен на ПК.</p>\r\n<p>Узнайте все, что вам нужно знать о DEATHLOOP, здесь. Готовы прыгнуть и начать вычеркивать Провидцев из своего списка “На убийство”?</p> \r\n\r\n<p>Deathloop доступна на следующих сервисах:</p>', 'https://live.staticflickr.com/65535/52039890851_c9b50aa0d0_h.jpg', 1, '2022-04-30 19:58:18', 1, 0),
(2, 'Лучшее на Пути: Моды', '<p>CD Projekt RED в честь недавних годовщин второго и третьего «Ведьмаков» выбрала самые лучшие моды к играм серии. \r\nТоп стал последним в серии «Лучшее на пути», где ранее уже отметили косплей, ручные работы, фан-арты и музыкальные каверы.</p>\r\n<p>Первым делом отличился мод The Witcher Overhaul Project, который добавляет в дебютную часть серии текстуры высокого разрешения и улучшает звук.</p> \r\n<p>Второе место занял ещё один мод для первой части франшизы — Rise of the White Wolf Enhanced Edition. Здесь в наборе не только улучшенные текстуры и переработанный интерфейс, но и свежие катсцены с Лютиком, новые доспехи и многое другое.</p> \r\n\r\n<p>Затем следует Masquerade — новая история для той же первой части с детективным сюжетом и парой дополнительных квестов.</p> \r\n\r\n<p>На четвёртом месте ещё один набор по улучшению текстур (окружения), но уже для «Убийц королей» — Better Texture Environment.</p> \r\n\r\n<p>Затем в список попал незавершённый сюжетный мод для сиквела под названием Lykaon.</p>\r\n<p>Он включает несколько квестов и диалогов. Проект не был закончен, поскольку автор Филипп Вебер ушёл работать в саму CD Projekt RED в качестве дизайнера квестов, причём одно из его заданий из мода попало в дополнение «Кровь и Вино» к третьему «Ведьмаку».</p> \r\n\r\n<p>Farewell of the White Wolf — фанатский эпилог к серии, который рассказывает о свадьбе Геральта и Йеннифэр. Создан на движке второй части.</p> \r\n\r\n<p>На седьмой позиции очутился мод по улучшению лиц в «Дикой охоте» — High Quality Faces. В видео ниже можно увидеть примеры с 1:46.</p> \r\n\r\n<p>Ещё один мод для третьей части, улучшающий траву в игре — Beautiful Grass.</p> \r\n\r\n<p>Другой мод коснулся освещения финала трилогии Геральта — Phoenix Lighting Mod.</p> \r\n\r\n<p>И последнее место занял грандиозный проект The Witcher 3 HD Reworked Project, в котором заменили модели и текстуры, сделав их более детализированными.</p> ', '<p>CD Projekt RED в честь недавних годовщин второго и третьего «Ведьмаков» выбрала самые лучшие моды к играм серии. \r\nТоп стал последним в серии «Лучшее на пути», где ранее уже отметили косплей, ручные работы, фан-арты и музыкальные каверы.</p>\r\n<p>Первым делом отличился мод The Witcher Overhaul Project, который добавляет в дебютную часть серии текстуры высокого разрешения и улучшает звук.</p> \r\n<p>Второе место занял ещё один мод для первой части франшизы — Rise of the White Wolf Enhanced Edition. Здесь в наборе не только улучшенные текстуры и переработанный интерфейс, но и свежие катсцены с Лютиком, новые доспехи и многое другое.</p> \r\n\r\n<p>Затем следует Masquerade — новая история для той же первой части с детективным сюжетом и парой дополнительных квестов.</p> \r\n\r\n<p>На четвёртом месте ещё один набор по улучшению текстур (окружения), но уже для «Убийц королей» — Better Texture Environment.</p> \r\n\r\n<p>Затем в список попал незавершённый сюжетный мод для сиквела под названием Lykaon.</p>\r\n<p>Он включает несколько квестов и диалогов. Проект не был закончен, поскольку автор Филипп Вебер ушёл работать в саму CD Projekt RED в качестве дизайнера квестов, причём одно из его заданий из мода попало в дополнение «Кровь и Вино» к третьему «Ведьмаку».</p> \r\n\r\n<p>Farewell of the White Wolf — фанатский эпилог к серии, который рассказывает о свадьбе Геральта и Йеннифэр. Создан на движке второй части.</p> \r\n\r\n<p>На седьмой позиции очутился мод по улучшению лиц в «Дикой охоте» — High Quality Faces. В видео ниже можно увидеть примеры с 1:46.</p> \r\n\r\n<p>Ещё один мод для третьей части, улучшающий траву в игре — Beautiful Grass.</p> \r\n\r\n<p>Другой мод коснулся освещения финала трилогии Геральта — Phoenix Lighting Mod.</p> \r\n\r\n<p>И последнее место занял грандиозный проект The Witcher 3 HD Reworked Project, в котором заменили модели и текстуры, сделав их более детализированными.</p> ', 'https://live.staticflickr.com/65535/52040311301_8cf45879fe_h.jpg', 2, '2022-04-30 20:21:47', 0, 0),
(3, 'ТОТАЛЬНАЯ ВОЙНА', '<p>Многие недостатки (как и немногие плюсы), отмеченные после бета-тестирования и закрытого пресс-показа, на момент релиза остались без значительных изменений — а некоторые так и вовсе стали ещё хуже. К сожалению, период раннего доступа наглядно показал, что нюансы, на которые массово жаловались игроки, были всего лишь симптомами фундаментальной проблемы — творческого видения игры.</p> \r\n<p>На мой взгляд, замена привычной системы классов на специалистов и другие спорные решения сами по себе жизнеспособны, но за ними не видно хоть сколько-нибудь чёткой цели. Не видно попытки аккуратно встроить их в игровой процесс. Battlefield V в своё время тоже внесла серьёзные правки в формулу серии, что пришлось по душе далеко не всем, но тогда как минимум было понятно, ради чего авторы пошли на эксперименты. А здесь такое чувство, что DICE волновалась исключительно о масштабах, которые попросту не работают без должного внимания к деталям.</p>', '<p>Многие недостатки (как и немногие плюсы), отмеченные после бета-тестирования и закрытого пресс-показа, на момент релиза остались без значительных изменений — а некоторые так и вовсе стали ещё хуже. К сожалению, период раннего доступа наглядно показал, что нюансы, на которые массово жаловались игроки, были всего лишь симптомами фундаментальной проблемы — творческого видения игры.</p> \r\n<p>На мой взгляд, замена привычной системы классов на специалистов и другие спорные решения сами по себе жизнеспособны, но за ними не видно хоть сколько-нибудь чёткой цели. Не видно попытки аккуратно встроить их в игровой процесс. Battlefield V в своё время тоже внесла серьёзные правки в формулу серии, что пришлось по душе далеко не всем, но тогда как минимум было понятно, ради чего авторы пошли на эксперименты. А здесь такое чувство, что DICE волновалась исключительно о масштабах, которые попросту не работают без должного внимания к деталям.</p>', 'https://live.staticflickr.com/65535/52040569904_a8d2c55e84_h.jpg', 3, '2022-04-30 20:25:16', 0, 0),
(4, 'Бесплатный PUBG?', '<p>Intel намерена бороться с дефицитом полупроводников решительными мерами. Для этого компания откроет новый завод по производству комплектующих в в Нью-Олбани, штат Огайо. Эксперты отмечают, что предприятие станет крупнейшим промышленным комплексом в округе. В компании пока отказались давать комментарии.</p>\r\n\r\n<p>Неделей ранее правительство одобрило сделку по продаже земельного участка в регионе. На строительство Intel может потратить несколько десятков миллиардов долларов. По различным оценкам, стройка продлится до 2032 года.</p>\r\n\r\n<p>Открытие нового завода обеспечит около 10 тыс. рабочих мест. Стоимость же его будет равняться около $100 млрд. Вместе с тем Intel намерена инвестировать в качественные кадры, поэтому собирается оплатить студентам дополнительное образование.</p>', '<p>Intel намерена бороться с дефицитом полупроводников решительными мерами. Для этого компания откроет новый завод по производству комплектующих в в Нью-Олбани, штат Огайо. Эксперты отмечают, что предприятие станет крупнейшим промышленным комплексом в округе. В компании пока отказались давать комментарии.</p>\r\n\r\n<p>Неделей ранее правительство одобрило сделку по продаже земельного участка в регионе. На строительство Intel может потратить несколько десятков миллиардов долларов. По различным оценкам, стройка продлится до 2032 года.</p>\r\n\r\n<p>Открытие нового завода обеспечит около 10 тыс. рабочих мест. Стоимость же его будет равняться около $100 млрд. Вместе с тем Intel намерена инвестировать в качественные кадры, поэтому собирается оплатить студентам дополнительное образование.</p>', 'https://live.staticflickr.com/65535/52040373203_b994602a9c_h.jpg', 4, '2022-04-30 20:27:46', 0, 0),
(5, 'В DNS стартовала новая волна продаж RTX 3050 с ценниками до 40 тысяч рублей', '<p>В DNS стартовала новая волна продаж NVIDIA GeForce RTX 3050. Ретейлер выставил около 2000 видеокарт от Gigabyte, Palit и KFA2 стоимостью от 27 тысяч рублей до 40 тысяч рублей. На данный момент страница с акцией работает с перебоями и не всегда открывается с первого раза.</p>\r\n\r\n<p>Система продажи, как раньше, осуществляется через «карусель заказов». «Карусель заказов» работает следующим образом. В момент старта продаж появляется ссылка на страницу заказа со списком товаров. Напротив каждой строчки кнопка, нажав которую пользователь встает в очередь. Без разницы, в какой момент он это сделает, система распределяет заказы случайным образом. В час X система начинает распределять заказы, и любой может оказаться в рядах счастливчиков, которых перекинет на страницу оплаты товара. Далее можно оплатить в течении получаса. Если пользователь отказывается от оплаты, видеокарта отправляется обратно в карусель и может достаться другому участнику, который ожидает оформление заказа.</p>\r\n\r\n<p>В «карусели» также добавлена новая фукция — отображение количества участников на странице.</p>', '<p>В DNS стартовала новая волна продаж NVIDIA GeForce RTX 3050. Ретейлер выставил около 2000 видеокарт от Gigabyte, Palit и KFA2 стоимостью от 27 тысяч рублей до 40 тысяч рублей. На данный момент страница с акцией работает с перебоями и не всегда открывается с первого раза.</p>\r\n\r\n<p>Система продажи, как раньше, осуществляется через «карусель заказов». «Карусель заказов» работает следующим образом. В момент старта продаж появляется ссылка на страницу заказа со списком товаров. Напротив каждой строчки кнопка, нажав которую пользователь встает в очередь. Без разницы, в какой момент он это сделает, система распределяет заказы случайным образом. В час X система начинает распределять заказы, и любой может оказаться в рядах счастливчиков, которых перекинет на страницу оплаты товара. Далее можно оплатить в течении получаса. Если пользователь отказывается от оплаты, видеокарта отправляется обратно в карусель и может достаться другому участнику, который ожидает оформление заказа.</p>\r\n\r\n<p>В «карусели» также добавлена новая фукция — отображение количества участников на странице.</p>', 'https://live.staticflickr.com/65535/52040329181_d32c6d0d8b_h.jpg', 13, '2022-04-30 20:31:44', 0, 0),
(6, 'Более 100 тысяч пользователей требуют вернуть деньги за Battlefield 2042', '<p>Более 100 тысяч пользователей оставили подписи под петицией на Change.org с требованием вернуть деньги за Battlefield 2042. Число подписавшихся растет с каждым днем — два дня назад, 8 февраля, их было чуть меньше 20 тысяч.</p>\r\n\r\n<p>Автор петиции считает, что Battlefield 2042 «расстроила» тысячи игроков по всему миру. По его мнению, пользователи не должны терпеть издевательства со стороны многомиллиардных корпораций, которые делают недоработанные игры и выпускают фальшивую рекламу для их продвижения. Создатель инициативы также отметил, что игрокам готов помочь один из лучших юристов по коллективным искам в США, если пользователи наберут 50 тысяч подписей.</p>\r\n\r\n<p>1 февраля стало известно, что первый сезон Battlefield 2042 перенесли на лето 2022 года. Пользователи, заплатившие за Season Pass, не смогут увидеть его еще несколько месяцев.</p>\r\n\r\n<p>2 февраля EA признала провал Battlefield 2042. Издатель отметил, что на качество сетевого шутера повлияла разработка в удаленном режиме.</p>\r\n\r\n<p>Источник: Change.org</p>', '<p>Более 100 тысяч пользователей оставили подписи под петицией на Change.org с требованием вернуть деньги за Battlefield 2042. Число подписавшихся растет с каждым днем — два дня назад, 8 февраля, их было чуть меньше 20 тысяч.</p>\r\n\r\n<p>Автор петиции считает, что Battlefield 2042 «расстроила» тысячи игроков по всему миру. По его мнению, пользователи не должны терпеть издевательства со стороны многомиллиардных корпораций, которые делают недоработанные игры и выпускают фальшивую рекламу для их продвижения. Создатель инициативы также отметил, что игрокам готов помочь один из лучших юристов по коллективным искам в США, если пользователи наберут 50 тысяч подписей.</p>\r\n\r\n<p>1 февраля стало известно, что первый сезон Battlefield 2042 перенесли на лето 2022 года. Пользователи, заплатившие за Season Pass, не смогут увидеть его еще несколько месяцев.</p>\r\n\r\n<p>2 февраля EA признала провал Battlefield 2042. Издатель отметил, что на качество сетевого шутера повлияла разработка в удаленном режиме.</p>\r\n\r\n<p>Источник: <a href=\"https://www.change.org\" target=\"_blank\">Change.org</a></p>', 'https://live.staticflickr.com/65535/52040589954_8ef46ac883_h.jpg', 3, '2022-04-30 20:36:17', 0, 0),
(7, 'Для Rust вышло арктическое обновление', '<p>Студия Facepunch выпустила большое контентное обновление для Rust — оно полностью посвящено Арктике.</p>\r\n\r\n<p>Трейлер Arctic Update:</p>\r\n\r\n<p>Теперь в игре можно найти Арктическую Исследовательскую Базу, на ней есть лут, тепло и снегоходы. На снегоходах можно ездить как одному, так и вдвоём — пока один игрок управляет транспортом, другой отстреливается. Они хороши на снегу и песке, и практически бесполезны на других типах покрытия.</p>\r\n\r\n<p>Также в этом биоме гуляют агрессивно-настроенные полярные медведи, а на базе живут агрессивные учёные. Кроме того разработчики улучшили AI врагов (например, учёные смогут лечить себя), а также добавили в Rust новый предмет — баллон с краской. Его можно скрафтить из 100 металлических фрагментов и использовать для изменения цвета предметов.</p>\r\n\r\n<p>Арктическое обновление исправило известные ошибки и улучшило производительность игры в целом, а также добавило специальные зимние скины: обледеневшую штурмовую винтовку, снегоход Tomaha, синюю тёплую «куртку полярника» и другое.</p>\r\n\r\n<p>Месяц назад проект отметил своё 8-летие — за это время продажи игры превысили 12 млн копий. Сейчас у Rust более 597 тысяч отзывов в Steam, большая часть из которых положительные.</p>', '<p>Студия Facepunch выпустила большое контентное обновление для Rust — оно полностью посвящено Арктике.</p>\r\n\r\n<p>Трейлер Arctic Update:</p>\r\n\r\n<iframe src=\"https://www.youtube.com/embed/psAEewE_4_E\" title=\"YouTube video player\" frameborder=\"0\" allow=\"accelerometer; autoplay; clipboard-write; encrypted-media; gyroscope; picture-in-picture\" allowfullscreen></iframe>\r\n\r\n\r\n<p>Теперь в игре можно найти Арктическую Исследовательскую Базу, на ней есть лут, тепло и снегоходы. На снегоходах можно ездить как одному, так и вдвоём — пока один игрок управляет транспортом, другой отстреливается. Они хороши на снегу и песке, и практически бесполезны на других типах покрытия.</p>\r\n\r\n<p>Также в этом биоме гуляют агрессивно-настроенные полярные медведи, а на базе живут агрессивные учёные. Кроме того разработчики улучшили AI врагов (например, учёные смогут лечить себя), а также добавили в Rust новый предмет — баллон с краской. Его можно скрафтить из 100 металлических фрагментов и использовать для изменения цвета предметов.</p>\r\n\r\n<p>Арктическое обновление исправило известные ошибки и улучшило производительность игры в целом, а также добавило специальные зимние скины: обледеневшую штурмовую винтовку, снегоход Tomaha, синюю тёплую «куртку полярника» и другое.</p>\r\n\r\n<p>Месяц назад проект отметил своё 8-летие — за это время продажи игры превысили 12 млн копий. Сейчас у Rust более 597 тысяч отзывов в Steam, большая часть из которых положительные.</p>', 'https://live.staticflickr.com/65535/52040862075_120139ee92_k.jpg', 5, '2022-04-30 20:42:13', 1, 0),
(8, 'В PS Store стартовала распродажа дополнений', '<p>Sony запустила очередную акцию, на этот раз со скидками отдают DLC, сезонные пропуска и прочий дополнительный контент, например внутриигровые монеты и кредиты.</p>\r\n\r\n<p>Некоторые интересные предложения:</p>\r\n\r\n<ul>\r\n    <li>Marvel’s Spider-Man: «Город, который никогда не спит» — 714 рублей;</li>\r\n    <li>Набор «Робо-Кевин» для Fortnite — 749 рублей;</li>\r\n    <li>500 Zen-монет для Neverwinter — 323 рубля;</li>\r\n    <li>10 000 кредитов для Warface (+1000 в подарок) — 3943 рубля;</li>\r\n    <li>Overcooked! 2 Season Pass — 515 рублей;</li>\r\n    <li>Fallout 4 Season Pass Bundle — 1424 рубля;</li>\r\n    <li>Dying Light Season Pass — 1074 рубля;</li>\r\n    <li>Lost Judgment Season Pass — 1749 рублей.</li>\r\n</ul>\r\n\r\n<p>Со всеми предложениями можно ознакомиться по ссылке(//store.playstation.com/ru-ru/category/e3168d2f-e364-4ba7-9239-8cae643656d8/1). Акция продлится до 24 февраля.</p>', '<p>Sony запустила очередную акцию, на этот раз со скидками отдают DLC, сезонные пропуска и прочий дополнительный контент, например внутриигровые монеты и кредиты.</p>\r\n\r\n<p>Некоторые интересные предложения:</p>\r\n\r\n<ul>\r\n    <li>Marvel’s Spider-Man: «Город, который никогда не спит» — 714 рублей;</li>\r\n    <li>Набор «Робо-Кевин» для Fortnite — 749 рублей;</li>\r\n    <li>500 Zen-монет для Neverwinter — 323 рубля;</li>\r\n    <li>10 000 кредитов для Warface (+1000 в подарок) — 3943 рубля;</li>\r\n    <li>Overcooked! 2 Season Pass — 515 рублей;</li>\r\n    <li>Fallout 4 Season Pass Bundle — 1424 рубля;</li>\r\n    <li>Dying Light Season Pass — 1074 рубля;</li>\r\n    <li>Lost Judgment Season Pass — 1749 рублей.</li>\r\n</ul>\r\n\r\n<p>Со всеми предложениями можно ознакомиться по ссылке(<a href=\"//store.playstation.com/ru-ru/category/e3168d2f-e364-4ba7-9239-8cae643656d8/1\" target=\"_blank\">//store.playstation.com/ru-ru/category/e3168d2f-e364-4ba7-9239-8cae643656d8/1</a>). Акция продлится до 24 февраля.</p>', 'https://live.staticflickr.com/65535/52040880195_6a1660d55d_h.jpg', 13, '2022-04-30 20:52:29', 0, 0),
(9, 'Авторы Euro Truck Simulator 2 поделились первым геймплейном видео Heart of Russia', '<p>Разработчики из чешской студии SCS Software поделились 20-минутным видео дополнения Heart of Russia для Euro Truck Simulator 2, в котором показали путешествие из Вязьмы в Калугу. Это первый официальный геймплейный ролик большого DLC про доставку грузов по России. Дополнение анонсировали почти год назад.</p>\r\n\r\n<p>Создатели видео отметили, что эти кадры не из финальной версии дополнения — они его ещё доработают. Над Heart of Russia трудятся в том числе и разработчики из России, которые знают наши дороги и особенности пейзажей.</p>\r\n\r\n<p>DLC выйдет в релиз в этом году, но точную дату релиза авторы пока не называют.</p>', '<p>Разработчики из чешской студии SCS Software поделились 20-минутным видео дополнения Heart of Russia для Euro Truck Simulator 2, в котором показали путешествие из Вязьмы в Калугу. Это первый официальный геймплейный ролик большого DLC про доставку грузов по России. Дополнение анонсировали почти год назад.</p>\r\n\r\n<iframe width=\"1863\" height=\"795\" src=\"https://www.youtube.com/embed/QAc8ywOonq8\" title=\"YouTube video player\" frameborder=\"0\" allow=\"accelerometer; autoplay; clipboard-write; encrypted-media; gyroscope; picture-in-picture\" allowfullscreen></iframe>\r\n\r\n<p>Создатели видео отметили, что эти кадры не из финальной версии дополнения — они его ещё доработают. Над Heart of Russia трудятся в том числе и разработчики из России, которые знают наши дороги и особенности пейзажей.</p>\r\n\r\n<p>DLC выйдет в релиз в этом году, но точную дату релиза авторы пока не называют.</p>', 'https://live.staticflickr.com/65535/52039330157_2d1bb89956_b.jpg', 11, '2022-04-30 20:54:50', 0, 0),
(10, 'На международный турнир МСКЛ+ по Dota 2 зарегистрировалось 219 команд', '<p>На открытый международный студенческий турнир по Dota 2, приуроченный ко Дню российской науки, зарегистрировались 219 команд. Мероприятие организует спортивная дирекция Московской Студенческой Киберспортивной Лиги в рамках проекта МСКЛ+ и Национальная Ассоциация Университетского Киберспорта (Н.А.У.К.А.). Призовой фонд турнира формируется из спонсорских взносов университетов и партнеров превышает 500 тысяч рублей.</p>\r\n\r\n<p>Соревнования проходят по традиционной олимпийской системе на вылет. Турнир завершится 13 февраля, когда пройдут полуфиналы, матч за третье место и финал.</p>\r\n\r\n<p>Партнерами турнира выступают Н.А.У.К.А, Томский государственный университет, Университетский Консорциум исследователей больших данных, сеть киберспортивных клубов Colizeum, Федерация Компьютерного спорта города Москвы и IPR Media.</p>\r\n\r\n<p>Напомним, что МСКЛ+ — один из важнейших проектов по развитию студенческого киберспорта. Впервые он был проведен в октябре-декабре 2021 года в формате открытой лиги, где в восьми видах программы соревновались представители 102 вузов и ссузов со всей России. Победу тогда одержал Университет ИТМО.</p>', '<div class=\"image-main\">\r\n    <div><img src=\"https://live.staticflickr.com/65535/52039333757_68385b6a8d_c.jpg\" alt=\"На международный турнир МСКЛ+ по Dota 2 зарегистрировалось 219 команд\"></div>\r\n</div>\r\n\r\n<p>На открытый международный студенческий турнир по Dota 2, приуроченный ко Дню российской науки, зарегистрировались 219 команд. Мероприятие организует спортивная дирекция Московской Студенческой Киберспортивной Лиги в рамках проекта МСКЛ+ и Национальная Ассоциация Университетского Киберспорта (Н.А.У.К.А.). Призовой фонд турнира формируется из спонсорских взносов университетов и партнеров превышает 500 тысяч рублей.</p>\r\n\r\n<p>Соревнования проходят по традиционной олимпийской системе на вылет. Турнир завершится 13 февраля, когда пройдут полуфиналы, матч за третье место и финал.</p>\r\n\r\n<p>Партнерами турнира выступают Н.А.У.К.А, Томский государственный университет, Университетский Консорциум исследователей больших данных, сеть киберспортивных клубов Colizeum, Федерация Компьютерного спорта города Москвы и IPR Media.</p>\r\n\r\n<p>Напомним, что МСКЛ+ — один из важнейших проектов по развитию студенческого киберспорта. Впервые он был проведен в октябре-декабре 2021 года в формате открытой лиги, где в восьми видах программы соревновались представители 102 вузов и ссузов со всей России. Победу тогда одержал Университет ИТМО.</p>', 'https://live.staticflickr.com/65535/52039333757_68385b6a8d_c.jpg', 8, '2022-04-30 20:58:34', 0, 0),
(11, 'В Steam ограничили максимальный и минимальный размер скидки', '<p>Valve изменила правила предоставления скидок на игры в Steam. Согласно обновленным документациям Steamworks, с 28 марта 2022 года начинает действовать новый свод правил, который касается скидок на игры в Steam. Теперь максимальная скидка на игру теперь не должна превышать 90%, а минимальная — 10%.</p>\r\n\r\n<p>Скидки на отдельную игру можно будет делать почаще. Если сейчас между окончанием одной скидки и началом другой должно пройти не менее шести недель, вскоре этот срок сократится до четырех недель. Также невозможно будет установить скидку на продукт в течение 28 дней с момента повышения цены на него в любой валюте. К тому же, запрещено устанавливать новые скидки в течение 28 дней после окончания предыдущей, за исключением сезонных мероприятий в Steam: Новогодней распродажи, Летней распродажи, Осенней распродажи и Зимней распродажи.</p>', '<div class=\"image-main\">\r\n    <div><img src=\"https://live.staticflickr.com/65535/52040436173_6eb8e490aa_h.jpg\" alt=\"В Steam ограничили максимальный и минимальный размер скидки\"></div>\r\n</div>\r\n\r\n<p>Valve изменила правила предоставления скидок на игры в Steam. Согласно обновленным документациям Steamworks, с 28 марта 2022 года начинает действовать новый свод правил, который касается скидок на игры в Steam. Теперь максимальная скидка на игру теперь не должна превышать 90%, а минимальная — 10%.</p>\r\n\r\n<p>Скидки на отдельную игру можно будет делать почаще. Если сейчас между окончанием одной скидки и началом другой должно пройти не менее шести недель, вскоре этот срок сократится до четырех недель. Также невозможно будет установить скидку на продукт в течение 28 дней с момента повышения цены на него в любой валюте. К тому же, запрещено устанавливать новые скидки в течение 28 дней после окончания предыдущей, за исключением сезонных мероприятий в Steam: Новогодней распродажи, Летней распродажи, Осенней распродажи и Зимней распродажи.</p>', 'https://live.staticflickr.com/65535/52040436173_dd39decf30_k.jpg', 13, '2022-04-30 21:03:58', 0, 0),
(12, 'Valve раскрыла подробности изменений в правилах установки скидок — скидку больше 90% теперь сделать нельзя', '<p>Компания Valve раскрыла детали грядущего глобального обновления скидочной политики Steam. Одно из ключевых особенностей стало то, что теперь разработчикам надо ждать не шесть недель чтобы установить скидку, а всего четыре.</p>\r\n\r\n<blockquote>«Начиная с 28 марта 2022 года перерыв между скидками в Steam поменяется с шести до четырёх недель (28 дней). Это значит, что должно пройти минимум 28 дней между окончанием одной скидки и началом другой. Этот перерыв будет распространяться на все типы скидок и промоакций в Steam, за исключением наших четырёх крупных сезонных распродаж Steam: летней, осенней, зимней, а также в лунный Новый год», — поясняет представитель Valve.</blockquote>\r\n\r\n\r\n<p>Правила установки скидок:</p>\r\n\r\n<ul>\r\n    <li>Нельзя установить скидку на продукт выше 90% или ниже 10%.</li>\r\n    <li>Можно установить скидку в честь выпуска, но по её окончании разработчик не сможет устанавливать скидки в течение 28 дней.</li>\r\n    <li>Невозможно установить скидку на продукт в течение 28 дней с момента повышения цены на него в любой валюте.</li>\r\n    <li>Нельзя устанавливать новые скидки в течение 28 дней после окончания предыдущей, за исключением сезонных мероприятий в Steam.</li>\r\n    <li>Нельзя устанавливать скидки во время сезонных распродаж в течение 28 дней с момента выпуска приложения или с момента окончания скидки в честь выпуска, а также в течение 28 дней после повышения цены в любой валюте.</li>\r\n    <li>Нельзя изменять цены во время проведения промоакции.</li>\r\n    <li>Продолжительность пользовательских скидок не должна составлять более 2 недель и менее 1 дня.</li>\r\n    <li>Распродажи во время цифровых и традиционных фестивалей (например, в таких живых событиях, как PAX или Gamescom; региональных мероприятиях наподобие распродажи игр из Франции) по-прежнему будут проводиться.</li>\r\n    <li>Перерывы в установке скидок будут распространяться и на курируемые промоакции: предложения дня, акция посреди недели, акция на выходных, скидки всю неделю, выходные издателя и другие индивидуальные скидки.</li>\r\n</ul>', '<div class=\"image-main\">\r\n    <div><img src=\"https://live.staticflickr.com/65535/52039353812_993a123b85_h.jpg\" alt=\"Valve раскрыла подробности изменений в правилах установки скидок — скидку больше 90% теперь сделать нельзя\"></div>\r\n</div>\r\n\r\n<p>Компания Valve раскрыла детали грядущего глобального обновления скидочной политики Steam. Одно из ключевых особенностей стало то, что теперь разработчикам надо ждать не шесть недель чтобы установить скидку, а всего четыре.</p>\r\n\r\n<blockquote>«Начиная с 28 марта 2022 года перерыв между скидками в Steam поменяется с шести до четырёх недель (28 дней). Это значит, что должно пройти минимум 28 дней между окончанием одной скидки и началом другой. Этот перерыв будет распространяться на все типы скидок и промоакций в Steam, за исключением наших четырёх крупных сезонных распродаж Steam: летней, осенней, зимней, а также в лунный Новый год», — поясняет представитель Valve.</blockquote>\r\n\r\n\r\n<p>Правила установки скидок:</p>\r\n\r\n<ul>\r\n    <li>Нельзя установить скидку на продукт выше 90% или ниже 10%.</li>\r\n    <li>Можно установить скидку в честь выпуска, но по её окончании разработчик не сможет устанавливать скидки в течение 28 дней.</li>\r\n    <li>Невозможно установить скидку на продукт в течение 28 дней с момента повышения цены на него в любой валюте.</li>\r\n    <li>Нельзя устанавливать новые скидки в течение 28 дней после окончания предыдущей, за исключением сезонных мероприятий в Steam.</li>\r\n    <li>Нельзя устанавливать скидки во время сезонных распродаж в течение 28 дней с момента выпуска приложения или с момента окончания скидки в честь выпуска, а также в течение 28 дней после повышения цены в любой валюте.</li>\r\n    <li>Нельзя изменять цены во время проведения промоакции.</li>\r\n    <li>Продолжительность пользовательских скидок не должна составлять более 2 недель и менее 1 дня.</li>\r\n    <li>Распродажи во время цифровых и традиционных фестивалей (например, в таких живых событиях, как PAX или Gamescom; региональных мероприятиях наподобие распродажи игр из Франции) по-прежнему будут проводиться.</li>\r\n    <li>Перерывы в установке скидок будут распространяться и на курируемые промоакции: предложения дня, акция посреди недели, акция на выходных, скидки всю неделю, выходные издателя и другие индивидуальные скидки.</li>\r\n</ul>', 'https://live.staticflickr.com/65535/52039353812_993a123b85_h.jpg', 13, '2022-04-30 21:08:38', 0, 0),
(13, 'Опубликован вступительный ролик Elden Ring', '<p>В сети опубликовали вступительный ролик Elden Ring, который во многом напоминает подобные интро из других игр From Software, где игрокам объясняют устройство мира.</p>\r\n\r\n<p>Elden Ring — новая игра от Хидэтаки Миядзаки, в разработке которой принимал участие писатель Джордж Мартин, известный по циклу книг «Песнь Льда и Пламени». Ее события развернутся в Срединных землях — стране, которой правила королева Марика Вечная.</p>\r\n\r\n<p>Игра выйдет 25 февраля на PC, PS4, PS5, Xbox One и Xbox Series X/S.</p>', '<p>В сети опубликовали вступительный ролик Elden Ring, который во многом напоминает подобные интро из других игр From Software, где игрокам объясняют устройство мира.</p>\r\n\r\n<p>Elden Ring — новая игра от Хидэтаки Миядзаки, в разработке которой принимал участие писатель Джордж Мартин, известный по циклу книг «Песнь Льда и Пламени». Ее события развернутся в Срединных землях — стране, которой правила королева Марика Вечная.</p>\r\n\r\n<iframe width=\"1863\" height=\"795\" src=\"https://www.youtube.com/embed/OT8if6DXOFQ\" title=\"YouTube video player\" frameborder=\"0\" allow=\"accelerometer; autoplay; clipboard-write; encrypted-media; gyroscope; picture-in-picture\" allowfullscreen></iframe>\r\n\r\n<p>Игра выйдет 25 февраля на PC, PS4, PS5, Xbox One и Xbox Series X/S.</p>', 'https://live.staticflickr.com/65535/52039361962_48cdf3de50_h.jpg', 12, '2022-04-30 21:12:37', 0, 0),
(14, 'Опубликованы характеристики видеокарт Intel ARC Alchemist', '<p>Сайт SiSoftware опубликовал список видеокарт Intel ARC Alchemist для настольных ПК. В него вошли модели семейств A300, A500 и A700.</p>\r\n\r\n<p>A300 имеет объем памяти 6 ГБ, пропускную способность 14 ГБ в секунду, шину в 96 бит и 1024 шейдеров;\r\nA500 оснащена 12 ГБ памяти, имеет пропускную способность 16 ГБ в секунду, шину в 192 бит шину и 3072 шейдеров;\r\nA700 имеет 16 ГБ памяти, пропускную способность 16 ГБ в секунду, шину в 256 бит и 4096 шейдеров.\r\nВсе новинки имеют поддержку аппаратного ускорения трассировки лучей и DirectX 12 Ultimate. Выход линейки Alchemist намечен на второй квартал 2022 года.</p>\r\n\r\n<p>Кроме того, SiSoftware поделился тестами младшей модели A380. Ее мощность находится на уровне NVIDIA GTX 1650 Super.</p>\r\n\r\n<p>Источник: SiSoftware</p>', '<div class=\"image-main\">\r\n    <div><img src=\"https://live.staticflickr.com/65535/52040409136_8148393b4c_h.jpg\" alt=\"Опубликованы характеристики видеокарт Intel ARC Alchemist\"></div>\r\n</div>\r\n\r\n<p>Сайт SiSoftware опубликовал список видеокарт Intel ARC Alchemist для настольных ПК. В него вошли модели семейств A300, A500 и A700.</p>\r\n\r\n<p>A300 имеет объем памяти 6 ГБ, пропускную способность 14 ГБ в секунду, шину в 96 бит и 1024 шейдеров;\r\nA500 оснащена 12 ГБ памяти, имеет пропускную способность 16 ГБ в секунду, шину в 192 бит шину и 3072 шейдеров;\r\nA700 имеет 16 ГБ памяти, пропускную способность 16 ГБ в секунду, шину в 256 бит и 4096 шейдеров.\r\nВсе новинки имеют поддержку аппаратного ускорения трассировки лучей и DirectX 12 Ultimate. Выход линейки Alchemist намечен на второй квартал 2022 года.</p>\r\n\r\n<p>Кроме того, SiSoftware поделился тестами младшей модели A380. Ее мощность находится на уровне NVIDIA GTX 1650 Super.</p>\r\n\r\n<p>Источник: <a href=\"https://www.sisoftware.co.uk/2022/02/21/intel-arc-alchemist-a380-gp-gpu-graphics-opencl-performance/\" target=\"_blank\">SiSoftware</a></p>', 'https://live.staticflickr.com/65535/52040409136_52fb6089ab_k.jpg', 13, '2022-04-30 21:16:58', 0, 0),
(15, 'Elden Ring получила 98 баллов из 100 на Metacritic', '<p>В сети появились первые оценки Elden Ring — новой игры From Software. Сейчас у экшена на Metacritic 98 баллов из 100 на основе 27 рецензий, что делает его одной из самых высокооцененных игр всех времен. За всю историю лишь The Legend of Zelda: Ocarina of Time смогла получить больше — 99 баллов. Однако обзоры все еще продолжают выходить, так что оценка еще может поменяться.</p>\r\n<p>Elden Ring — новая игра от Хидэтаки Миядзаки, в разработке которой принимал участие писатель Джордж Мартин («Песнь Льда и Пламени»). Игрокам предоставят большой открытый мир и возможность перемещаться по нему на лошади. Ставку, как всегда, делают на высокую сложность схваток.</p>\r\n\r\n<p>Игра выйдет 25 февраля на PC, PS4, PS5, Xbox One и Xbox Series X/S.</p>', '<div class=\"image-main\">\r\n    <div><img src=\"https://live.staticflickr.com/65535/52040464188_33972e5cdf_h.jpg\" alt=\"Elden Ring получила 98 баллов из 100 на Metacritic\"></div>\r\n</div>\r\n\r\n<p>В сети появились первые оценки Elden Ring — новой игры From Software. Сейчас у экшена на Metacritic 98 баллов из 100 на основе 27 рецензий, что делает его одной из самых высокооцененных игр всех времен. За всю историю лишь The Legend of Zelda: Ocarina of Time смогла получить больше — 99 баллов. Однако обзоры все еще продолжают выходить, так что оценка еще может поменяться.</p>\r\n<p>Elden Ring — новая игра от Хидэтаки Миядзаки, в разработке которой принимал участие писатель Джордж Мартин («Песнь Льда и Пламени»). Игрокам предоставят большой открытый мир и возможность перемещаться по нему на лошади. Ставку, как всегда, делают на высокую сложность схваток.</p>\r\n\r\n<p>Игра выйдет 25 февраля на PC, PS4, PS5, Xbox One и Xbox Series X/S.</p>', 'https://live.staticflickr.com/65535/52040464188_33972e5cdf_h.jpg', 12, '2022-04-30 21:19:23', 0, 0),
(16, 'Илон Маск рассказал о желании добавить в Tesla поддержку Steam', '<p>Пользователи сети спросили Илона Маска, когда на бортовом компьютере Tesla получится сыграть в Cyberpunk 2077. Спустя какое-то время инженер заявил о своем желании добавить в электрокары поддержку библиотеки Steam, а не конкретных проектов. Однако никаких других подробностей он не озвучил.</p>\r\n<blockquote>\r\n    «Мы работаем над тем, чтобы на Tesla запускались разные игры из Steam. А не только конкретные проекты. Очевидно, что в первую очередь над этим нужно работать в долгосрочной перспективе», — заявил Маск. Он также заявил, что считает экшен от польской студии «великой игрой».\r\n</blockquote>', '<div class=\"image-main\">\r\n    <div><img src=\"https://live.staticflickr.com/65535/52040424366_4eaeb44c8f_h.jpg\" alt=\"Илон Маск рассказал о желании добавить в Tesla поддержку Steam\"></div>\r\n</div>\r\n\r\n\r\n<p>Пользователи сети спросили Илона Маска, когда на бортовом компьютере Tesla получится сыграть в Cyberpunk 2077. Спустя какое-то время инженер заявил о своем желании добавить в электрокары поддержку библиотеки Steam, а не конкретных проектов. Однако никаких других подробностей он не озвучил.</p>\r\n<blockquote>\r\n    «Мы работаем над тем, чтобы на Tesla запускались разные игры из Steam. А не только конкретные проекты. Очевидно, что в первую очередь над этим нужно работать в долгосрочной перспективе», — заявил Маск. Он также заявил, что считает экшен от польской студии «великой игрой».\r\n</blockquote>', 'https://live.staticflickr.com/65535/52040424366_4eaeb44c8f_h.jpg', 13, '2022-04-30 21:24:33', 0, 0),
(17, 'В марте Amazon бесплатно раздаст 7 игр', '<p>Amazon назвала игры, которые подписчики Prime Gaming смогут совершенно бесплатно получить в марте. В свою библиотеку можно будет добавить сразу 7 проектов:</p>\r\n\r\n<ul>\r\n    <li>Madden NFL 22 — популярный симулятор американского футбола;</li>\r\n    <li>Surviving Mars — экономическая стратегия о колонизации Марса;</li>\r\n    <li>Crypto Against All Odds — игра в жанре tower-defense, где нужно взять на себя роль эксперта по кибербезопасности и бороться с хакерами;</li>\r\n    <li>looK INside — инди-игра про воспоминания, которые оживают на страницах книг;</li>\r\n    <li>Pesterquest — визуальный роман в известной вселенной Homestuck;</li>\r\n    <li>SteamWorld Quest: Hand of Gilgamech — увлекательный карточный баттлер в красочном, нарисованном от руки мире;</li>\r\n    <li>The Stillness of the Wind — приключенческая игра об одиночестве и меланхолии.</li>\r\n</ul> \r\n\r\n<p>Чтобы получить игры, необходимо подключить подписку (можно активировать бесплатный период). Главное, не забудьте отписаться, чтобы не потерять деньги. Возможно, в течение месяца компания раздаст еще ряд проектов.</p>\r\n\r\n\r\n<p>Источник: Gamespot</p>', '<div class=\"image-main\">\r\n    <div><img src=\"https://live.staticflickr.com/65535/52040485708_c082bf2d96_h.jpg\" alt=\"В марте Amazon бесплатно раздаст 7 игр\"></div>\r\n</div>\r\n\r\n<p>Amazon назвала игры, которые подписчики Prime Gaming смогут совершенно бесплатно получить в марте. В свою библиотеку можно будет добавить сразу 7 проектов:</p>\r\n\r\n<ul>\r\n    <li>Madden NFL 22 — популярный симулятор американского футбола;</li>\r\n    <li>Surviving Mars — экономическая стратегия о колонизации Марса;</li>\r\n    <li>Crypto Against All Odds — игра в жанре tower-defense, где нужно взять на себя роль эксперта по кибербезопасности и бороться с хакерами;</li>\r\n    <li>looK INside — инди-игра про воспоминания, которые оживают на страницах книг;</li>\r\n    <li>Pesterquest — визуальный роман в известной вселенной Homestuck;</li>\r\n    <li>SteamWorld Quest: Hand of Gilgamech — увлекательный карточный баттлер в красочном, нарисованном от руки мире;</li>\r\n    <li>The Stillness of the Wind — приключенческая игра об одиночестве и меланхолии.</li>\r\n</ul> \r\n\r\n<p>Чтобы получить игры, необходимо подключить подписку (можно активировать бесплатный период). Главное, не забудьте отписаться, чтобы не потерять деньги. Возможно, в течение месяца компания раздаст еще ряд проектов.</p>\r\n\r\n\r\n<p>Источник: <a href=\"https://www.gamespot.com/articles/amazon-prime-members-can-grab-7-free-games-next-month/1100-6500988/\" target=\"_blank\">Gamespot</a></p>', 'https://live.staticflickr.com/65535/52040485708_c082bf2d96_h.jpg', 13, '2022-04-30 21:31:53', 0, 0),
(18, 'В сети раскритиковали Steam-версию Elden Ring за оптимизацию и античит', '<p>Elden Ring после релиза получила смешанные отзывы в Steam. Она уже собрала более 19 тысяч отзывов, из которых только 60% — положительные. Пользователи начали жаловаться на баны из-за античита, плохую оптимизацию и внезапные просадки FPS.</p>\r\n\r\n<p>Ранее стало известно, что Elden Ring побила рекорд пикового онлайна среди всех игр Bandai Namco. В какой-то момент в игре FromSoftware находилось 764 тысячи пользователей.</p>', '<div class=\"image-main\">\r\n    <div><img src=\"https://live.staticflickr.com/65535/52040508351_aef72df204_h.jpg\" alt=\"В сети раскритиковали Steam-версию Elden Ring за оптимизацию и античит\"></div>\r\n</div>\r\n\r\n<p>Elden Ring после релиза получила смешанные отзывы в Steam. Она уже собрала более 19 тысяч отзывов, из которых только 60% — положительные. Пользователи начали жаловаться на баны из-за античита, плохую оптимизацию и внезапные просадки FPS.</p>\r\n\r\n<p>Ранее стало известно, что Elden Ring побила рекорд пикового онлайна среди всех игр Bandai Namco. В какой-то момент в игре FromSoftware находилось 764 тысячи пользователей.</p>', 'https://live.staticflickr.com/65535/52040508351_84a3c938be_k.jpg', 12, '2022-04-30 22:08:52', 0, 0),
(19, 'Игры года. Прошла 25-я ежегодная премия D.I.C.E. Awards', '<p>Организаторы ежегодной премии D.I.C.E. Awards, которую проводит Академия интерактивных искусств и наук (AIAS), объявили лучшиые игры 2021 года.</p>\r\n\r\n<p>Пятьдесят девять игр, выпущенных в 2021 году, получили номинации. Ratchet & Clank: Rift Apart лидирует с девятью номинациями, за которым следует Deathloop, заработавший восемь. Финалистами главной награды 2021 года, игры года, являются: Deathloop, Inscryption, It Takes Two, Ratchet & Clank: Rift Apart и Returnal.</p>\r\n\r\n<p>Ознакомиться с полным списком можно ознакомится на сайте премии.</p>\r\n\r\n<p>D.I.C.E. Awards — «Оскаром видеоигр», взявший своё начало в 1988 году, проводимая Академией интерактивных искусств и наук ежегодно в Лас-Вегасе. Аббревиатура D.I.C.E. расшифровывается как Design Innovate Communicate Entertain(Проектирование инновационных и коммуникационных развлечений).\r\n</p>', '<div class=\"image-main\">\r\n    <div><img src=\"https://live.staticflickr.com/65535/52040516531_e013287c11_h.jpg\" alt=\"Игры года. Прошла 25-я ежегодная премия D.I.C.E. Awards\"></div>\r\n</div>\r\n\r\n<p>Организаторы ежегодной премии D.I.C.E. Awards, которую проводит Академия интерактивных искусств и наук (AIAS), объявили лучшие игры 2021 года.</p>\r\n\r\n<p>Пятьдесят девять игр, выпущенных в 2021 году, получили номинации. Ratchet & Clank: Rift Apart лидирует с девятью номинациями, за которым следует Deathloop, заработавший восемь. Финалистами главной награды 2021 года, игры года, являются: Deathloop, Inscryption, It Takes Two, Ratchet & Clank: Rift Apart и Returnal.</p>\r\n\r\n<p>Ознакомиться с полным списком можно ознакомится на <a href=\"https://www.interactive.org/awards/25th_annual_dice_awards_finalists_revealed.asp\" target=\"_blank\">сайте премии</a>.</p>\r\n\r\n<p>D.I.C.E. Awards — «Оскаром видеоигр», взявший своё начало в 1988 году, проводимая Академией интерактивных искусств и наук ежегодно в Лас-Вегасе. Аббревиатура D.I.C.E. расшифровывается как Design Innovate Communicate Entertain(Проектирование инновационных и коммуникационных развлечений).\r\n</p>', 'https://live.staticflickr.com/65535/52040516531_e013287c11_h.jpg', 13, '2022-04-30 22:19:25', 0, 0),
(20, 'Epic Games продемонстрировала обновленный дизайн', '<p>Компания Epic Games продемонстрировала обновленный дизайн профилей и другие предстоящие изменения магазина Epic Games Store. Новые изображения появились на доске Trello, где создатели публикуют планы по дальнейшему развитию платформы.</p>\r\n\r\n<p>Источник: DTF</p>', '<p>Компания Epic Games продемонстрировала обновленный дизайн профилей и другие предстоящие изменения магазина Epic Games Store. Новые изображения появились на доске Trello, где создатели публикуют планы по дальнейшему развитию платформы.</p>\r\n\r\n<div class=\"image-main\">\r\n    <img src=\"https://leonardo.osnova.io/b7678feb-dfa3-5804-abed-cd6f61dfc25d/\">\r\n    <img src=\"https://leonardo.osnova.io/82eb8420-a660-55b8-bef8-a86f473cac58/\">\r\n    <img src=\"https://leonardo.osnova.io/41ba43b5-f8ed-5dd2-aca4-5e7fb1b068bd/\">\r\n</div>\r\n<p>Источник: <a href=\"https://dtf.ru/gameindustry/798562-epic-games-obnovila-dorozhnuyu-kartu-egs-i-pokazala-pervoe-izobrazhenie-profiley-polzovateley\" target=\"_blank\">DTF</a></p>', 'https://live.staticflickr.com/65535/52040537861_5fb9f40666_h.jpg', 13, '2022-04-30 22:25:31', 0, 0),
(21, 'ТОП продаж недели в Steam', 'ELDEN RING уверенно забирает три первых места по объему выручки за прошлую неделю. Важно ответить, что в списке присутствует 4 версии из игры, 2 из которых являются предзаказами.\r\nПолный список прошлой недели выглядит следующим образом:\r\n\r\n<ol>\r\n    <li>ELDEN RING (предзаказ)</li>\r\n    <li>ELDEN RING</li>\r\n    <li>ELDEN RING Deluxe Edition</li>\r\n    <li>Destiny 2: The Witch Queen Deluxe Edition</li>\r\n    <li>Destiny 2: The Witch Queen</li>\r\n    <li>Steam Deck</li>\r\n    <li>Dying Light 2 Stay Human</li>\r\n    <li>Total War: WARHAMMER III</li>\r\n    <li>Cyberpunk 2077</li>\r\n</ol>', '<div class=\"image-main\">\r\n    <div><img src=\"https://live.staticflickr.com/65535/52040436173_dd39decf30_k.jpg\" alt=\"ТОП продаж недели в Steam\"></div>\r\n</div>\r\n\r\nELDEN RING уверенно забирает три первых места по объему выручки за прошлую неделю. Важно ответить, что в списке присутствует 4 версии из игры, 2 из которых являются предзаказами.\r\nПолный список прошлой недели выглядит следующим образом:\r\n\r\n<ol>\r\n    <li>ELDEN RING (предзаказ)</li>\r\n    <li>ELDEN RING</li>\r\n    <li>ELDEN RING Deluxe Edition</li>\r\n    <li>Destiny 2: The Witch Queen Deluxe Edition</li>\r\n    <li>Destiny 2: The Witch Queen</li>\r\n    <li>Steam Deck</li>\r\n    <li>Dying Light 2 Stay Human</li>\r\n    <li>Total War: WARHAMMER III</li>\r\n    <li>Cyberpunk 2077</li>\r\n</ol>', 'https://live.staticflickr.com/65535/52040436173_dd39decf30_k.jpg', 13, '2022-04-30 22:30:08', 0, 0),
(22, 'Главные предстоящие новинки этого месяца', 'Уже сегодня наступил третий месяц 2022 года – март. Он оказался довольно насыщенным на игровые релизы. Вот самые интересные релизы:\r\n\r\n<ol>\r\n    <li>Elex 2 (1 марта)</li>\r\n    <li>Shadow Warrior 3(1 марта)</li>\r\n    <li>Babylon\'s Fall (3 марта)</li>\r\n    <li>Gran Turizmo 7 (4 марта)</li>\r\n    <li>GhostWire: Tokyo (25 марта)</li>\r\n    <li>Crusader Kings 3 (29 марта)</li>\r\n</ol>', '<div class=\"image-main\">\r\n    <div><img src=\"https://live.staticflickr.com/65535/52040554386_1bb3970133_h.jpg\" alt=\"Главные предстоящие новинки этого месяца\"></div>\r\n</div>\r\n\r\nУже сегодня наступил третий месяц 2022 года – март. Он оказался довольно насыщенным на игровые релизы. Вот самые интересные релизы:\r\n\r\n<ol>\r\n    <li>Elex 2 (1 марта)</li>\r\n    <li>Shadow Warrior 3(1 марта)</li>\r\n    <li>Babylon\'s Fall (3 марта)</li>\r\n    <li>Gran Turizmo 7 (4 марта)</li>\r\n    <li>GhostWire: Tokyo (25 марта)</li>\r\n    <li>Crusader Kings 3 (29 марта)</li>\r\n</ol>', 'https://live.staticflickr.com/65535/52040554386_1bb3970133_h.jpg', 13, '2022-04-30 22:34:23', 0, 0),
(23, 'В Steam стартовала новая распродажа', '<p>В Steam стартовала новая распродажа Remote Play Together. Она посвящена играм с поддержкой технологии Remote Play, когда можно мгновенно и бесплатно поделиться локальными многопользовательскими играми с друзьями по сети.</p>\r\n\r\n<p>Некоторые из предложений акции:</p>\r\n<ul>\r\n    <li>Mortal Kombat 11 — 207 рублей (1035 рублей);</li>\r\n    <li>Injustice 2 — 269 рублей (1799 рублей);</li>\r\n    <li>The Ascent — 899 рублей (1499 рублей);</li>\r\n    <li>Divinity: Original Sin 2 — Definitive Edition — 319 рублей (799 рублей);</li>\r\n    <li>Overcooked! 2 — 199 рублей (799 рублей);</li>\r\n    <li>Golf With Your Friends — 143 рубля (435 рублей);</li>\r\n    <li>Untitled Goose Game — 217 рублей (435 рублей);</li>\r\n    <li>Magicka 2 — 50 рублей (100 рублей);</li>\r\n    <li>Resident Evil 6 Complete — 239 рублей (1199 рублей);</li>\r\n    <li>Warhammer 40,000: Battlesector — 471 рубль (725 рублей).</li>\r\n</ul>\r\n\r\n<p>Полный список игр, участвующих в распродаже, можно узнать на специальной странице. Распродажа завершится 7 марта.</p>', '<div class=\"image-main\">\r\n    <div><img src=\"https://live.staticflickr.com/65535/52040648713_8550a54237_h.jpg\" alt=\"В Steam стартовала новая распродажа\"></div>\r\n</div>\r\n\r\n<p>В Steam стартовала новая распродажа Remote Play Together. Она посвящена играм с поддержкой технологии Remote Play, когда можно мгновенно и бесплатно поделиться локальными многопользовательскими играми с друзьями по сети.</p>\r\n\r\n<p>Некоторые из предложений акции:</p>\r\n<ul>\r\n    <li>Mortal Kombat 11 — 207 рублей (1035 рублей);</li>\r\n    <li>Injustice 2 — 269 рублей (1799 рублей);</li>\r\n    <li>The Ascent — 899 рублей (1499 рублей);</li>\r\n    <li>Divinity: Original Sin 2 — Definitive Edition — 319 рублей (799 рублей);</li>\r\n    <li>Overcooked! 2 — 199 рублей (799 рублей);</li>\r\n    <li>Golf With Your Friends — 143 рубля (435 рублей);</li>\r\n    <li>Untitled Goose Game — 217 рублей (435 рублей);</li>\r\n    <li>Magicka 2 — 50 рублей (100 рублей);</li>\r\n    <li>Resident Evil 6 Complete — 239 рублей (1199 рублей);</li>\r\n    <li>Warhammer 40,000: Battlesector — 471 рубль (725 рублей).</li>\r\n</ul>\r\n\r\n<p>Полный список игр, участвующих в распродаже, можно узнать на <a href=\"https://store.steampowered.com/remoteplay_together\" target=\"_blank\">специальной странице</a>. Распродажа завершится 7 марта.</p>', 'https://live.staticflickr.com/65535/52040648713_8550a54237_h.jpg', 13, '2022-04-30 22:57:29', 0, 1);
INSERT INTO `articles` (`id`, `title`, `prewie_text`, `full_text`, `img`, `games_id`, `pubdate`, `views`, `slider`) VALUES
(24, 'Valve убрала практически все доступные способы оплаты в магазине Steam для пользователей из РФ', '<p>Valve убрала практически все доступные способы оплаты в магазине Steam для пользователей из РФ. Из доступных вариантов остался лишь Paypal и баланс кошелька.</p>\r\n\r\n<p>При выборе других способов оплаты появляется оповещение о том, что в данный момент покупка с помощью выбранного способа оплаты невозможна.</p>\r\n\r\n<p>Valve по-прежнему не делала каких-либо официальных заявлений.</p>\r\n', '<div class=\"image-main\">\r\n    <div><img src=\"https://live.staticflickr.com/65535/52039353812_6af8ba518c_k.jpg\" alt=\"Valve убрала практически все доступные способы оплаты в магазине Steam для пользователей из РФ\"></div>\r\n</div>\r\n\r\n<p>Valve убрала практически все доступные способы оплаты в магазине Steam для пользователей из РФ. Из доступных вариантов остался лишь Paypal и баланс кошелька.</p>\r\n\r\n<p>При выборе других способов оплаты появляется оповещение о том, что в данный момент покупка с помощью выбранного способа оплаты невозможна.</p>\r\n\r\n<p>Valve по-прежнему не делала каких-либо официальных заявлений.</p>\r\n\r\n<div class=\"image-main\">\r\n    <img src=\"https://live.staticflickr.com/65535/52039565212_29ca956474_h.jpg\">\r\n</div>', 'https://live.staticflickr.com/65535/52039353812_6af8ba518c_k.jpg', 13, '2022-04-30 23:01:22', 0, 1),
(25, 'Играйте за однополую пару в бесплатном обновлении в Haven', '<p>Играйте за однополую пару в бесплатном обновлении. Крупное обновление в Haven\r\nСпустя долгое после релиза время в Haven выпустили обновление.</p>\r\n<p>В состав апдейта входят возможности выбора полов пары: либо с женщиной и мужчиной, двумя женщинами, либо с двумя мужчинами.\r\nАвторы пишут об обновлении так:</p>\r\n<blockquote>\r\n    Это обновление не изменит сюжетную линию для Хейвена, и вы по-прежнему будете играть за Ю и Кей, но игра предлагает больше вариантов относительно состава пары. Теперь Хейвен может представлять любовь в более широком смысле!\r\n</blockquote>\r\n<p>Трейлер обновления:</p>\r\n\r\n<p>Напомним, Haven - это история о двух влюбленных, которые бросили все и сбежали на затерянную планету, чтобы быть вместе. В ней вы можете скользить по таинственному ландшафту, исследовать фрагментированный мир и сражаться с тем, что пытается разлучить их в этом приключении RPG о любви, восстании и свободе.</p>', '<p>Играйте за однополую пару в бесплатном обновлении. Крупное обновление в Haven\r\nСпустя долгое после релиза время в Haven выпустили обновление.</p>\r\n<p>В состав апдейта входят возможности выбора полов пары: либо с женщиной и мужчиной, двумя женщинами, либо с двумя мужчинами.\r\nАвторы пишут об обновлении так:</p>\r\n<blockquote>\r\n    Это обновление не изменит сюжетную линию для Хейвена, и вы по-прежнему будете играть за Ю и Кей, но игра предлагает больше вариантов относительно состава пары. Теперь Хейвен может представлять любовь в более широком смысле!\r\n</blockquote>\r\n<p>Трейлер обновления:</p>\r\n<iframe width=\"480\" height=\"270\" src=\"https://www.youtube.com/embed/AA5O-yeabIk\" title=\"YouTube video player\" frameborder=\"0\" allow=\"accelerometer; autoplay; clipboard-write; encrypted-media; gyroscope; picture-in-picture\" allowfullscreen></iframe>\r\n\r\n<p>Напомним, Haven - это история о двух влюбленных, которые бросили все и сбежали на затерянную планету, чтобы быть вместе. В ней вы можете скользить по таинственному ландшафту, исследовать фрагментированный мир и сражаться с тем, что пытается разлучить их в этом приключении RPG о любви, восстании и свободе.</p>', 'https://live.staticflickr.com/65535/52041125100_e9c8e34ac6_b.jpg', 14, '2022-04-30 23:05:58', 0, 0),
(26, 'Valve создаёт несколько игр', '<p>Сайт Axios пообщался с дизайнером Valve Грегом Кумером в честь релиза Steam Deck. В этом интервью Кумер не только рассказал подробнее о самом Deck, но поделился и планами компании.</p>\r\n\r\n<p>Так, на данный момент в библиотеке Steam свыше 50 тысяч игр. Для работы со Steam Deck была проверена примерно тысяча из них. Ими оказались самые популярные игры среди тех, кто предзаказал устройство. В планах множество других игр и новые способы их отбора. В дальнейшем компания хочет производить новые модели Steam Deck, но пока нет никакой определённости в датах.</p>\r\n\r\n<p>Ну и самое интересное, прямо сейчас компания Valve трудится над несколькими новыми играми, и, по мнению Кумера, эти проекты вызовут энтузиазм в сообществе.</p>', '<div class=\"image-main\">\r\n    <div><img src=\"https://live.staticflickr.com/65535/52040875919_b6f154e4aa_b.jpg\" alt=\"Valve создаёт несколько игр\"></div>\r\n</div>\r\n\r\n<p>Сайт Axios пообщался с дизайнером Valve Грегом Кумером в честь релиза Steam Deck. В этом интервью Кумер не только рассказал подробнее о самом Deck, но поделился и планами компании.</p>\r\n\r\n<p>Так, на данный момент в библиотеке Steam свыше 50 тысяч игр. Для работы со Steam Deck была проверена примерно тысяча из них. Ими оказались самые популярные игры среди тех, кто предзаказал устройство. В планах множество других игр и новые способы их отбора. В дальнейшем компания хочет производить новые модели Steam Deck, но пока нет никакой определённости в датах.</p>\r\n\r\n<p>Ну и самое интересное, прямо сейчас компания Valve трудится над несколькими новыми играми, и, по мнению Кумера, эти проекты вызовут энтузиазм в сообществе.</p>', 'https://live.staticflickr.com/65535/52040875919_b6f154e4aa_b.jpg', 13, '2022-04-30 23:12:00', 0, 0),
(27, 'Релизный трейлер Shadow Warrior 3', '<p>Вчера вышла в релиз третья часть серии Shadow Warrior. В честь этого разработчики выпустили забавный релизный трейлер.</p>\r\n<p>Shadow Warrior 3 выводит оригинальную серию шутеров от первого лица на новый уровень. Это идеальное сочетание динамичных перестрелок, четких и красочных ближних боев и зрелищной системы движений.</p>', '<p>Вчера вышла в релиз третья часть серии Shadow Warrior. В честь этого разработчики выпустили забавный релизный трейлер.</p>\r\n<p>Shadow Warrior 3 выводит оригинальную серию шутеров от первого лица на новый уровень. Это идеальное сочетание динамичных перестрелок, четких и красочных ближних боев и зрелищной системы движений.</p>\r\n<iframe width=\"1863\" height=\"839\" src=\"https://www.youtube.com/embed/x5hcdHYrTuw\" title=\"YouTube video player\" frameborder=\"0\" allow=\"accelerometer; autoplay; clipboard-write; encrypted-media; gyroscope; picture-in-picture\" allowfullscreen></iframe>', 'https://live.staticflickr.com/65535/52040630871_ae9c86ae7f_h.jpg', 15, '2022-04-30 23:15:08', 0, 0),
(28, 'Полеты на джетпаке, великаны и массовые бои в релизном трейлере ELEX II', '<p>Издатель THQ Nordic и Piranha Bytes опубликовали релизный трейлер ролевого экшена ELEX 2. Игра уже доступна на PC, PS4, PS5, Xbox One и Xbox Series X/S.</p>\r\n<p>В продолжении ELEX, винтажной RPG с открытым миром, Джаксу снова предстоит объединить свободных людей Магалана против новой угрозы – скиандов, угрожающих навсегда изменить лик планеты.</p>\r\n', '<p>Издатель THQ Nordic и Piranha Bytes опубликовали релизный трейлер ролевого экшена ELEX 2. Игра уже доступна на PC, PS4, PS5, Xbox One и Xbox Series X/S.</p>\r\n<p>В продолжении ELEX, винтажной RPG с открытым миром, Джаксу снова предстоит объединить свободных людей Магалана против новой угрозы – скиандов, угрожающих навсегда изменить лик планеты.</p>\r\n<iframe width=\"1863\" height=\"839\" src=\"https://www.youtube.com/embed/phQSZ42uCwY\" title=\"YouTube video player\" frameborder=\"0\" allow=\"accelerometer; autoplay; clipboard-write; encrypted-media; gyroscope; picture-in-picture\" allowfullscreen></iframe>', 'https://live.staticflickr.com/65535/52040686698_9f4ec7204d_h.jpg', 16, '2022-04-30 23:18:54', 0, 0),
(29, 'В EGS бесплатно раздают сразу три игры', 'На календаре четверг, значит, в Epic Games Store снова раздают халяву.\r\nС сегодняшнего дня магазин дарит Black Widow: Recharged - возвращение культового твин-стик шутера о тяготах паучьей жизни.\r\nCentipede: Recharged - оригинальная аркада о борьбе с насекомыми. Эпический набор Следопыта (Три дня членства в VIP-клубе и валюта помогут) для Dauntless.', '<p>На календаре четверг, значит, в Epic Games Store снова раздают халяву.</p>\r\n<p>С сегодняшнего дня магазин дарит <a href=\"https://www.epicgames.com/store/ru/p/black-widow-recharged\" target=\"_blank\">Black Widow: Recharged</a> - возвращение культового твин-стик шутера о тяготах паучьей жизни.</p>\r\n<p><a href=\"https://www.epicgames.com/store/ru/p/centipede-recharged\" target=\"_blank\">Centipede: Recharged</a> - оригинальная аркада о борьбе с насекомыми. <a href=\"https://www.epicgames.com/store/ru/p/dauntless--epic-slayer-kit\" target=\"_blank\">Эпический набор Следопыта</a> (Три дня членства в VIP-клубе и валюта помогут) для Dauntless.</p>\r\n\r\n<p>Black Widow: Recharged</p>\r\n<iframe width=\"1863\" height=\"839\" src=\"https://www.youtube.com/embed/JusmdJguSto\" title=\"YouTube video player\" frameborder=\"0\" allow=\"accelerometer; autoplay; clipboard-write; encrypted-media; gyroscope; picture-in-picture\" allowfullscreen></iframe>\r\n\r\n<p>Centipede: Recharged</p>\r\n<iframe width=\"1863\" height=\"839\" src=\"https://www.youtube.com/embed/cfrufZsi9ZE\" title=\"YouTube video player\" frameborder=\"0\" allow=\"accelerometer; autoplay; clipboard-write; encrypted-media; gyroscope; picture-in-picture\" allowfullscreen></iframe>\r\n\r\n<p>Эпический набор Следопыта</p>\r\n<div class=\"image-main\">\r\n    <img src=\"https://cdn1.epicgames.com/offer/jackal/Epic_SlayerBundle_LandscapeOffer_2560x1440-59f4874c964b69f7b6e6615fe758d0a9\">\r\n</div>', 'https://live.staticflickr.com/65535/52040648396_1f4dc8f934_b.jpg', 13, '2022-04-30 23:25:01', 0, 1),
(30, 'CD Projekt RED и Bloober Team снимут с продажи свои игры в России и Беларуси', '<p>В связи с вооружённым конфликтом в Украине, польские компании CD Projekt RED и Bloober Team временно снимут с продажи свои игры в России и Беларуси.</p>\r\n<blockquote class=\"twitter-tweet\">\r\n    <p lang=\"ru\" dir=\"ltr\">CD PROJEKT Group приняла решение остановить продажи наших игр в России и Беларуси. Это коснется цифровых и физических копий. Мы надеемся на понимание всех игроков, которых это затронет. Ранее купленные копии игр, а также патчи и хотфиксы к ним продолжат работать.</p>&mdash; CD PROJEKT RED RU (@CDPR_RU) <a href=\"https://twitter.com/CDPR_RU/status/1499388878159032320?ref_src=twsrc%5Etfw\">March 3, 2022</a>\r\n</blockquote>\r\n\r\n<script async src=\"https://platform.twitter.com/widgets.js\" charset=\"utf-8\"></script>\r\n<p>Bloober Team — независимая польская студия, известная по следующим играм: Layers of Fear и Layers of Fear 2, Observer, Blair Witch, The Medium.</p>\r\n<blockquote class=\"twitter-tweet\">\r\n    <p lang=\"en\" dir=\"ltr\">Dear community,<br>(1/5) As the Russian unprovoked invasion of Ukraine continues, killing defenders and civilians alike, we at Bloober Team have decided to stop selling our titles in Russia and Belarus across all platforms.<a href=\"https://twitter.com/hashtag/BlooberTeam?src=hash&amp;ref_src=twsrc%5Etfw\">#BlooberTeam</a> <a href=\"https://twitter.com/hashtag/Ukraine?src=hash&amp;ref_src=twsrc%5Etfw\">#Ukraine</a> <a href=\"https://twitter.com/hashtag/UkraineRussiaWar?src=hash&amp;ref_src=twsrc%5Etfw\">#UkraineRussiaWar</a> <a href=\"https://t.co/kC5b7pXqVq\">pic.twitter.com/kC5b7pXqVq</a></p>&mdash; Bloober Team (@BlooberTeam) <a href=\"https://twitter.com/BlooberTeam/status/1499353861047341059?ref_src=twsrc%5Etfw\">March 3, 2022</a>\r\n</blockquote>\r\n<script async src=\"https://platform.twitter.com/widgets.js\" charset=\"utf-8\"></script>', '<div class=\"image-main\">\r\n    <div><img src=\"https://live.staticflickr.com/65535/52040707813_e8c99023e9_h.jpg\" alt=\"CD Projekt RED и Bloober Team снимут с продажи свои игры в России и Беларуси\"></div>\r\n</div>\r\n\r\n<p>В связи с вооружённым конфликтом в Украине, польские компании CD Projekt RED и Bloober Team временно снимут с продажи свои игры в России и Беларуси.</p>\r\n<blockquote class=\"twitter-tweet\">\r\n    <p lang=\"ru\" dir=\"ltr\">CD PROJEKT Group приняла решение остановить продажи наших игр в России и Беларуси. Это коснется цифровых и физических копий. Мы надеемся на понимание всех игроков, которых это затронет. Ранее купленные копии игр, а также патчи и хотфиксы к ним продолжат работать.</p>&mdash; CD PROJEKT RED RU (@CDPR_RU) <a href=\"https://twitter.com/CDPR_RU/status/1499388878159032320?ref_src=twsrc%5Etfw\">March 3, 2022</a>\r\n</blockquote>\r\n\r\n<script async src=\"https://platform.twitter.com/widgets.js\" charset=\"utf-8\"></script>\r\n<p>Bloober Team — независимая польская студия, известная по следующим играм: Layers of Fear и Layers of Fear 2, Observer, Blair Witch, The Medium.</p>\r\n<blockquote class=\"twitter-tweet\">\r\n    <p lang=\"en\" dir=\"ltr\">Dear community,<br>(1/5) As the Russian unprovoked invasion of Ukraine continues, killing defenders and civilians alike, we at Bloober Team have decided to stop selling our titles in Russia and Belarus across all platforms.<a href=\"https://twitter.com/hashtag/BlooberTeam?src=hash&amp;ref_src=twsrc%5Etfw\">#BlooberTeam</a> <a href=\"https://twitter.com/hashtag/Ukraine?src=hash&amp;ref_src=twsrc%5Etfw\">#Ukraine</a> <a href=\"https://twitter.com/hashtag/UkraineRussiaWar?src=hash&amp;ref_src=twsrc%5Etfw\">#UkraineRussiaWar</a> <a href=\"https://t.co/kC5b7pXqVq\">pic.twitter.com/kC5b7pXqVq</a></p>&mdash; Bloober Team (@BlooberTeam) <a href=\"https://twitter.com/BlooberTeam/status/1499353861047341059?ref_src=twsrc%5Etfw\">March 3, 2022</a>\r\n</blockquote>\r\n<script async src=\"https://platform.twitter.com/widgets.js\" charset=\"utf-8\"></script>', 'https://live.staticflickr.com/65535/52040707813_f9cabf0f0a_k.jpg', 13, '2022-04-30 23:29:42', 0, 1),
(31, 'Gran Turismo 7 исчезла из продажи для российских игроков', '<p>Gran Turismo 7 стала недоступной для игроков из России. Пользователи, кто оформил предзаказ и даже успели поиграть, теперь жалуются на то, что игра у них «под замком», а при ее запуске выходит сообщение о необходимости приобрести GT7.</p>\r\n<p>Спустя несколько часов отменились и предоплаты — деньги были возвращены на счёт пользователей.</p>\r\n<p>При этом игра, которая ещё запускалась на момент релиза, после возврата денег оказалась «под замком». Игроки потеряли возможность её запустить.</p>\r\n\r\n<p>Источник: DTF</p>', '<p>Gran Turismo 7 стала недоступной для игроков из России. Пользователи, кто оформил предзаказ и даже успели поиграть, теперь жалуются на то, что игра у них «под замком», а при ее запуске выходит сообщение о необходимости приобрести GT7.</p>\r\n<p>Спустя несколько часов отменились и предоплаты — деньги были возвращены на счёт пользователей.</p>\r\n<p>При этом игра, которая ещё запускалась на момент релиза, после возврата денег оказалась «под замком». Игроки потеряли возможность её запустить.</p>\r\n<div class=\"image-main\">\r\n    <div><img src=\"https://games.mail.ru/pre_895x895_resize/hotbox/content_files/gallery/2022/02/16/1f09c03a76dc42569c002714559ec7c3.jpg?quality=85&format=webp\"></div>\r\n</div>\r\n<p>Источник: <a href=\"https://dtf.ru/gameindustry/1106072-sony-otlozhila-reliz-gran-turismo-7-v-rossii-na-neopredelennyy-srok\" target=\"_blank\">DTF</a></p>', 'https://live.staticflickr.com/65535/52041178295_a0703351d8_h.jpg', 17, '2022-04-30 23:35:58', 0, 1),
(32, 'Гейб Ньюэлл лично доставил Steam Deck предзаказавшим пользователям', '<p>Глава Valve Гейб Ньюэлл действительно лично доставил консоли Steam Deck некоторым пользователям, которые ранее её предзаказали. Он даже оставил на чехлах устройства свой автограф, и подарил дополнительные консоли соседям предзаказавших.</p>\r\n\r\n<p>Valve поделилась роликом, где работа Гейба зафиксирована на камеру. Глава компании заявил, что вспомнил, как в юности работал курьером.</p>\r\n\r\n<p>Покупателям доступны три варианта Stram Deck: с 64 GB памяти за $399, 256 GB за $529 и 512 GB с антибликовым экраном, дополнительной темой клавиатуры, а также другими бонусами за $649.</p>', '<p>Глава Valve Гейб Ньюэлл действительно лично доставил консоли Steam Deck некоторым пользователям, которые ранее её предзаказали. Он даже оставил на чехлах устройства свой автограф, и подарил дополнительные консоли соседям предзаказавших.</p>\r\n\r\n<p>Valve поделилась роликом, где работа Гейба зафиксирована на камеру. Глава компании заявил, что вспомнил, как в юности работал курьером.</p>\r\n\r\n<iframe width=\"1863\" height=\"839\" src=\"https://www.youtube.com/embed/9Dy-KWjp-m0\" title=\"YouTube video player\" frameborder=\"0\" allow=\"accelerometer; autoplay; clipboard-write; encrypted-media; gyroscope; picture-in-picture\" allowfullscreen></iframe>\r\n\r\n<p>Покупателям доступны три варианта Stram Deck: с 64 GB памяти за $399, 256 GB за $529 и 512 GB с антибликовым экраном, дополнительной темой клавиатуры, а также другими бонусами за $649.</p>', 'https://live.staticflickr.com/65535/52040928504_e20e07e44b_h.jpg', 13, '2022-04-30 23:38:34', 0, 1),
(33, 'Electronic Arts прекращает продажу игр в России и Беларуссии', '<p>Американское игровое издательство Electronic Arts пошла по польскому пути CD Projekt RED и магазина GOG.</p> \r\n<p>Продажи игр компании в России и Белоруссии в сервисе Origin, в приложении EA будут временно приостановлены. Также компания обещает прекратить продажу своих игр и дополнений в указанном регионе и в магазинах, в т.ч. в онлайновых, через работу с партнерами в ближайшие дни.</p>', '<div class=\"image-main\">\r\n    <div><img src=\"https://live.staticflickr.com/65535/52040733633_0feb467a0b_h.jpg\" alt=\"Electronic Arts прекращает продажу игр в России и Беларуссии\"></div>\r\n</div>\r\n\r\n<p>Американское игровое издательство Electronic Arts пошла по польскому пути CD Projekt RED и магазина GOG.</p> \r\n<p>Продажи игр компании в России и Белоруссии в сервисе Origin, в приложении EA будут временно приостановлены. Также компания обещает прекратить продажу своих игр и дополнений в указанном регионе и в магазинах, в т.ч. в онлайновых, через работу с партнерами в ближайшие дни.</p>', 'https://live.staticflickr.com/65535/52040733633_0feb467a0b_h.jpg', 13, '2022-04-30 23:43:55', 0, 1),
(34, 'В Steam начали забирать Elden Ring у пользователей из России', '<p>Пользователи Steam из России стали жаловаться на автоматическое удаление Elden Ring с их аккаунтов. Судя по отзывам на форумах, все выходит примерно по одному сценарию — в какой-то момент игрока «выбрасывает» из игры, а на его кошелек происходит возврат средств.</p>\r\n\r\n<p>При этом, судя по всему, дело не носит глобального характера и касается только тех, кто приобрел игру в период 24-25 февраля при оплате с карты любого российского банка. Пользователи, которые купили игру по предзаказу или буквально на днях, пока не сообщали о принудительном возврате Elden Ring.</p>', '<div class=\"image-main\">\r\n    <div><img src=\"https://live.staticflickr.com/65535/52039648927_f951eb38c7_h.jpg\" alt=\"В Steam начали забирать Elden Ring у пользователей из России\"></div>\r\n</div>\r\n\r\n<p>Пользователи Steam из России стали жаловаться на автоматическое удаление Elden Ring с их аккаунтов. Судя по отзывам на форумах, все выходит примерно по одному сценарию — в какой-то момент игрока «выбрасывает» из игры, а на его кошелек происходит возврат средств.</p>\r\n\r\n<p>При этом, судя по всему, дело не носит глобального характера и касается только тех, кто приобрел игру в период 24-25 февраля при оплате с карты любого российского банка. Пользователи, которые купили игру по предзаказу или буквально на днях, пока не сообщали о принудительном возврате Elden Ring.</p>', 'https://live.staticflickr.com/65535/52039648927_f951eb38c7_h.jpg', 12, '2022-04-30 23:47:06', 0, 1),
(35, 'Bethesda переносит все данные в Steam', '<p>Bethesda решила отказаться от cвоего лаунчера Bethesda.net и перенести данные игроков в Steam.</p>\r\n<blockquote>\r\n    В этом году мы прощаемся с программой запуска Bethesda.net. Мы благодарим вас за поддержку и уверяем, что все ваши игры в безопасности. Если вы не запускаете игры для PC через программу запуска Bethesda.net, можете не читать дальше. Спасибо за внимание! Если же у вас есть игры, использующие программу запуска Bethesda.net, не волнуйтесь. Уже в начале апреля вы сможете перенести свои игры и кошелек в учетную запись Steam. Подробнее о том, как это будет происходить, рассказано ниже.\r\n</blockquote>\r\n<p>Пользователи смогут перенести в Steam всю свою библиотеку игр и кошелек. Данные учетной записи Bethesda.net не потеряются. Для многих продуктов также будет осуществлен перенос сохраненных игр. Учетная запись Bethesda.net не будет удалена, ёё можно будет использовать на веб-сайте Bethesda.net и в играх.</p>\r\n\r\n<p>К апрелю компания предоставит инструкцию по переносу библиотеки в Steam.</p>\r\n<p>Для тех у кого могли появится вопросы, подготовили подробную статью с ответами на них.\r\n    Возможность запускать игры с помощью программы запуска Bethesda.net сохранится до начала мая, но рекомендуется вам выполнить перенос, как только он будет доступен.</p>', '<div class=\"image-main\">\r\n    <div><img src=\"https://live.staticflickr.com/65535/52041211160_d5964860e9_h.jpg\" alt=\"Bethesda переносит все данные в Steam\"></div>\r\n</div>\r\n\r\n<p>Bethesda решила отказаться от cвоего лаунчера Bethesda.net и перенести данные игроков в Steam.</p>\r\n<blockquote>\r\n    В этом году мы прощаемся с программой запуска Bethesda.net. Мы благодарим вас за поддержку и уверяем, что все ваши игры в безопасности. Если вы не запускаете игры для PC через программу запуска Bethesda.net, можете не читать дальше. Спасибо за внимание! Если же у вас есть игры, использующие программу запуска Bethesda.net, не волнуйтесь. Уже в начале апреля вы сможете перенести свои игры и кошелек в учетную запись Steam. Подробнее о том, как это будет происходить, рассказано ниже.\r\n</blockquote>\r\n<p>Пользователи смогут перенести в Steam всю свою библиотеку игр и кошелек. Данные учетной записи Bethesda.net не потеряются. Для многих продуктов также будет осуществлен перенос сохраненных игр. Учетная запись Bethesda.net не будет удалена, ёё можно будет использовать на веб-сайте Bethesda.net и в играх.</p>\r\n\r\n<p>К апрелю компания предоставит инструкцию по переносу библиотеки в Steam.</p>\r\n<p>Для тех у кого могли появится вопросы, подготовили <a href=\"https://bethesda.net/ru/article/2RXxG1y000NWupPalzLblG/otkaz-ot-programmy-zapuska-bethesda-net-i-perekhod-v-steam#:~:text=ВОПРОСЫ%20И%20ОТВЕТЫ,замечательными%20играми%20в%20Steam.\" target=\"_blank\">подробную статью с ответами на них</a>.\r\n    Возможность запускать игры с помощью программы запуска Bethesda.net сохранится до начала мая, но рекомендуется вам выполнить перенос, как только он будет доступен.</p>', 'https://live.staticflickr.com/65535/52041211160_d5964860e9_h.jpg', 13, '2022-04-30 23:52:28', 0, 1),
(36, 'Rockstar приостановила продажу игр в России', '<p>Игры Rockstar стали недоступны для покупки в России. Соответствующее сообщение появилось на официальном сайте компании при попытке купить любую из игр. На момент написания новости, игры все еще доступны в Steam и EGS.</p>\r\n\r\n<p>Ранее продажи в России приостановили CD Projekt RED, Activision Blizzard, Microsoft, Bethesda и многие другие.</p>', '<div class=\"image-main\">\r\n    <div><img src=\"https://live.staticflickr.com/65535/52041222020_a0315f93b5_b.jpg\" alt=\"Rockstar приостановила продажу игр в России\"></div>\r\n</div>\r\n\r\n<p>Игры Rockstar стали недоступны для покупки в России. Соответствующее сообщение появилось на официальном сайте компании при попытке купить любую из игр. На момент написания новости, игры все еще доступны в Steam и EGS.</p>\r\n<div class=\"image-main\">\r\n    <img src=\"https://live.staticflickr.com/65535/52040706591_bcea4c1761_b.jpg\">\r\n</div>\r\n<p>Ранее продажи в России приостановили CD Projekt RED, Activision Blizzard, Microsoft, Bethesda и многие другие.</p>', 'https://live.staticflickr.com/65535/52041222020_a0315f93b5_b.jpg', 13, '2022-05-01 00:30:44', 0, 1),
(37, 'Epic прекращает торговлю с Россией', '<p>Epic Games в своём твиттер-аккаунте сообщила, что прекращает торговлю с Россией в собственных играх, но пока не уточнила, чего именно это коснётся. Решение в компании приняли из-за продолжающегося вооружённого конфликта в Украине.</p>\r\n<blockquote>\r\n    &mdash; Epic Games Newsroom (@EpicNewsroom) March 5, 2022\r\n    <p lang=\"en\" dir=\"ltr\">Epic прекращает торговлю с Россией в наших играх в ответ на ее вторжение в Украину. Мы не блокируем доступ по той же причине, по которой другие средства коммуникации остаются онлайн: свободный мир должен поддерживать все линии диалога открытыми.</p>\r\n</blockquote>\r\n\r\n<p>Так же компания сказала, что доступ к играм она блокировать не будет, потому что «свободный мир должен поддерживать все линии диалога открытыми».\r\nНа данный момент в Epic Games Store доступны к покупке все игры. Еженедельные подарки тоже можно забрать.</p>\r\n\r\n<p>Источник: DTF</p>', '<div class=\"image-main\">\r\n    <div><img src=\"https://live.staticflickr.com/65535/52040782221_0e8f095d6c_h.jpg\" alt=\"Epic прекращает торговлю с Россией\"></div>\r\n</div>\r\n\r\n<p>Epic Games в своём твиттер-аккаунте сообщила, что прекращает торговлю с Россией в собственных играх, но пока не уточнила, чего именно это коснётся. Решение в компании приняли из-за продолжающегося вооружённого конфликта в Украине.</p>\r\n<blockquote>\r\n    &mdash; Epic Games Newsroom (@EpicNewsroom) <a href=\"https://twitter.com/EpicNewsroom/status/1500236775448588295?ref_src=twsrc%5Etfw\" target=\"_blank\">March 5, 2022</a>\r\n    <p lang=\"en\" dir=\"ltr\">Epic прекращает торговлю с Россией в наших играх в ответ на ее вторжение в Украину. Мы не блокируем доступ по той же причине, по которой другие средства коммуникации остаются онлайн: свободный мир должен поддерживать все линии диалога открытыми.</p>\r\n</blockquote>\r\n\r\n<p>Так же компания сказала, что доступ к играм она блокировать не будет, потому что «свободный мир должен поддерживать все линии диалога открытыми».\r\nНа данный момент в Epic Games Store доступны к покупке все игры. Еженедельные подарки тоже можно забрать.</p>\r\n\r\n<p>Источник: <a href=\"https://dtf.ru/gameindustry/1108468-epic-games-ostanavlivaet-kommercheskie-otnosheniya-s-rossiey\" target=\"_blank\">DTF</a></p>', 'https://live.staticflickr.com/65535/52040782221_0e8f095d6c_h.jpg', 13, '2022-05-01 00:35:34', 0, 1),
(38, 'Обновление для ПК версии \"Elden Ring\"', '<p>Последнее обновление для Steam-версии игры устраняет проблему с конфликтующими локальными и облачными данными сохранения, которые стоили некоторым игрокам часов, возможно, даже дней игрового процесса.<p>\r\n<blockquote class=\"twitter-tweet\">\r\n    &mdash; ELDEN RING (@ELDENRING) March 5, 2022\r\n    <p lang=\"en\" dir=\"ltr\"> Выпущено обновление для клиента Steam, которое должно предотвратить проблему с конфликтующими локальными и облачными данными сохранения. Пожалуйста, обновите свой клиент Steam до последней версии.</p>\r\n</blockquote>\r\n<p>Источник: engadge</p>', '<div class=\"image-main\">\r\n    <div><img src=\"https://live.staticflickr.com/65535/52040789931_5e4c53129d_h.jpg\" alt=\"Обновление для ПК версии Elden Ring\"></div>\r\n</div>\r\n\r\n<p>Последнее обновление для Steam-версии игры устраняет проблему с конфликтующими локальными и облачными данными сохранения, которые стоили некоторым игрокам часов, возможно, даже дней игрового процесса.<p>\r\n<blockquote class=\"twitter-tweet\">\r\n    &mdash; ELDEN RING (@ELDENRING) <a href=\"https://twitter.com/ELDENRING/status/1500050151125233665?ref_src=twsrc%5Etfw\" target=\"_blank\">March 5, 2022</a>\r\n    <p lang=\"en\" dir=\"ltr\"> Выпущено обновление для клиента Steam, которое должно предотвратить проблему с конфликтующими локальными и облачными данными сохранения. Пожалуйста, обновите свой клиент Steam до последней версии.</p>\r\n</blockquote>\r\n<p>Источник: <a href=\"https://www.engadget.com/elden-ring-update-for-pc-fixes-steam-cloud-save-issue-162600459.html?src=rss\" target=\"_blank\">engadget</a></p>', 'https://live.staticflickr.com/65535/52040789931_5e4c53129d_h.jpg', 13, '2022-05-01 00:38:34', 0, 0),
(39, 'NVIDIA приостанавливает продажу всей продукции в России', '<p>NVIDIA сообщила о приостановке продаж своих чипов в России. Запрет касается всей продукции компании.</p>\r\n<p>Компания не уточнила, почему. Но пресс-секретарь сказал, что приостановка продаж распространяется на все продукты Nvidia.</p>\r\n\r\n<p>Источник: DTF</p>', '<p>NVIDIA сообщила о приостановке продаж своих чипов в России. Запрет касается всей продукции компании.</p>\r\n<p>Компания не уточнила, почему. Но пресс-секретарь сказал, что приостановка продаж распространяется на все продукты Nvidia.</p>\r\n\r\n<p>Источник: <a href=\"https://in.pcmag.com/graphics-cards/148243/nvidia-to-stop-all-product-sales-to-russia\" target=\"_blank\">DTF</a></p>', 'https://live.staticflickr.com/65535/52041305865_778311f6e2_h.jpg', 13, '2022-05-01 00:41:19', 0, 1),
(40, 'Elden Ring лидирует в топе продаж Steam вторую неделю подряд', '<p>Особых новинок в Steam на прошлой неделе не было, поэтому сметить Elden Ring с первого места чарта продаж никому не удалось.</p>\r\n\r\n<p>Кстати говоря, пиковый онлайн Elden Ring близится к 1-му милллиону человек. Благодаря этому игра поднялась на шестое место по этому показателю в Steam. А по одновременному онлайну она перегла на второе есто, обогнав Lost Ark и Dota 2.</p>\r\n\r\nТОП-10 по продажам:\r\n<ol>\r\n    <li>ELDEN RING</li>\r\n    <li>Risk of Rain 2: Survivors of the Void</li>\r\n    <li>ELDEN RING другое издание</li>\r\n    <li>Dying Light 2 Stay Human</li>\r\n    <li>Dread Hunger</li>\r\n    <li>Valve Index VR Kit</li>\r\n    <li>Risk of Rain 2</li>\r\n    <li>Lost Ark Vanquisher Starter Pack</li>\r\n    <li>Destiny 2: The Witch Queen</li>\r\n    <li>The Witcher 3: Wild Hunt - Game of the Year Edition</li>\r\n</ol>\r\n\r\n<p>Источник: SteamDB</p>', '<div class=\"image-main\">\r\n    <div><img src=\"https://live.staticflickr.com/65535/52041055334_ef62a2f0ce_h.jpg\" alt=\"Elden Ring лидирует в топе продаж Steam вторую неделю подряд\"></div>\r\n</div>\r\n\r\n<p>Особых новинок в Steam на прошлой неделе не было, поэтому сметить Elden Ring с первого места чарта продаж никому не удалось.</p>\r\n\r\n<p>Кстати говоря, пиковый онлайн Elden Ring близится к 1-му милллиону человек. Благодаря этому игра поднялась на шестое место по этому показателю в Steam. А по одновременному онлайну она перегла на второе есто, обогнав Lost Ark и Dota 2.</p>\r\n\r\nТОП-10 по продажам:\r\n<ol>\r\n    <li>ELDEN RING</li>\r\n    <li>Risk of Rain 2: Survivors of the Void</li>\r\n    <li>ELDEN RING другое издание</li>\r\n    <li>Dying Light 2 Stay Human</li>\r\n    <li>Dread Hunger</li>\r\n    <li>Valve Index VR Kit</li>\r\n    <li>Risk of Rain 2</li>\r\n    <li>Lost Ark Vanquisher Starter Pack</li>\r\n    <li>Destiny 2: The Witch Queen</li>\r\n    <li>The Witcher 3: Wild Hunt - Game of the Year Edition</li>\r\n</ol>\r\n\r\n<p>Источник: <a href=\"https://steamdb.info/topsellers/2022W09/\" target=\"_blank\">SteamDB</a></p>', 'https://live.staticflickr.com/65535/52041055334_ef62a2f0ce_h.jpg', 13, '2022-05-01 00:45:00', 0, 1),
(41, 'Игры Microsoft и EA стали не доступны для игры', '<p>Из пока известных примеров, игры студий Microsoft и Electronuc Art стали недоступны для запуска в России. Они остаются в библиотеке, но скачать их и запустить нельзя.</p>\r\n\r\n<p>Для начала, при выборе игр в библиотеке Steam готовых к запуску, игры вышесказанных студий перестали отображаться, но из библиотеке полностью не пропали. Если найти их самому, то рядом с кнопкой будет выведено сообщение о том, что игра не доступна в текущем регионе.</p>\r\n\r\n<p>Это касается Sea of Thieves, Call of Duty: Black Ops III, мультиплеер Halo Infinite, Gears 5, Fallout Shelter и некоторых других игр.\r\n</p>\r\n\r\n<p>Ранее обе компании собирались ограничить покупку новых игр, так что есть шанс, что это баг. Официального заявления о блоке игр пока не было.</p>', '<div class=\"image-main\">\r\n    <div><img src=\"https://live.staticflickr.com/65535/52039766762_954a056ebc_h.jpg\" alt=\"Игры Microsoft и EA стали не доступны для игры\"></div>\r\n</div>\r\n\r\n<p>Из пока известных примеров, игры студий Microsoft и Electronuc Art стали недоступны для запуска в России. Они остаются в библиотеке, но скачать их и запустить нельзя.</p>\r\n\r\n<p>Для начала, при выборе игр в библиотеке Steam готовых к запуску, игры вышесказанных студий перестали отображаться, но из библиотеке полностью не пропали. Если найти их самому, то рядом с кнопкой будет выведено сообщение о том, что игра не доступна в текущем регионе.</p>\r\n<div class=\"image-main\">\r\n    <img src=\"https://live.staticflickr.com/65535/52041062139_bcdac57bdb_b.jpg\" alt=\"Изображение с надписью о недоступности контента в регионе\">\r\n</div>\r\n<p>Это касается Sea of Thieves, Call of Duty: Black Ops III, мультиплеер Halo Infinite, Gears 5, Fallout Shelter и некоторых других игр.\r\n</p>\r\n\r\n<p>Ранее обе компании собирались ограничить покупку новых игр, так что есть шанс, что это баг. Официального заявления о блоке игр пока не было.</p>', 'https://live.staticflickr.com/65535/52039766762_954a056ebc_h.jpg', 13, '2022-05-01 00:49:52', 0, 1),
(42, 'Похоже это был баг', '<p>Ранее мы опубликовали статью о том, что игры Microsoft и EA были не доступны для запуска в Steam. На данный момент игры снова стали доступны, видимо это был баг.</p>\r\n\r\n<p>Живём.</p>', '<p>Ранее мы опубликовали статью о том, что игры Microsoft и EA были не доступны для запуска в Steam. На данный момент игры снова стали доступны, видимо это был баг.</p>\r\n<div class=\"image-main\">\r\n    <img src=\"https://live.staticflickr.com/65535/52041326530_81e8f09a75_h.jpg\" target=\"_blank\" alt=\"Живём\">\r\n</div>\r\n<p>Живём.</p>', 'https://live.staticflickr.com/65535/52039766762_954a056ebc_h.jpg', 13, '2022-05-01 00:52:30', 0, 1),
(43, 'В Steam началась распродажа женского дня', '<p>В Steam началась распродажа, посвященная Международному женскому дню (8 марта). На нее попали проекты от студий, где девушки занимают ключевые должности. Акция продлится c 7 до 11 марта.</p>\r\n\r\n<p>Вот некоторые из них:</p>\r\n<ul>\r\n    <li>The Darkside Detective</li>\r\n    <li>Haven</li>\r\n    <li>Little Misfortune</li>\r\n    <li>Yonder: The Cloud Catcher Chronicles</li>\r\n    <li>Fran Bow</li>\r\n    <li>Road 96</li>\r\n</ul>', '<div class=\"image-main\">\r\n    <div><img src=\"https://live.staticflickr.com/65535/52040872283_9df93b37e9_h.jpg\" alt=\"В Steam началась распродажа женского дня\"></div>\r\n</div>\r\n\r\n<p>В Steam началась <a href=\"https://store.steampowered.com/sale/womenday\">распродажа</a>, посвященная Международному женскому дню (8 марта). На нее попали проекты от студий, где девушки занимают ключевые должности. Акция продлится c 7 до 11 марта.</p>\r\n\r\n<p>Вот некоторые из них:</p>\r\n<ul>\r\n    <li>The Darkside Detective</li>\r\n    <li>Haven</li>\r\n    <li>Little Misfortune</li>\r\n    <li>Yonder: The Cloud Catcher Chronicles</li>\r\n    <li>Fran Bow</li>\r\n    <li>Road 96</li>\r\n</ul>', 'https://live.staticflickr.com/65535/52040872283_9df93b37e9_h.jpg', 13, '2022-05-01 00:54:52', 0, 1),
(44, 'Объявлена дата релиза Gotham Knights ', '\r\n<p>Gotham Knights - это экшн-RPG с открытым миром, действие которой разворачивается в самом динамичном и интерактивном Готэм-Сити на сегодняшний день. Патрулируйте пять различных районов Готэма в одиночку или с одним другим героем и участвуйте в преступной деятельности, где бы вы ее ни обнаружили. Главными героями будут: Бэтгерл, Найтвинг, Красный Колпак и Робин. Страничка в Steam</p>\r\n\r\n<p>Игра выйдет на ПК, PlayStation и Xbox.</p>', '<div class=\"image-main\">\r\n    <div><img src=\"https://live.staticflickr.com/65535/52041336860_2d21c4d584_h.jpg\" alt=\"Объявлена дата релиза Gotham Knights\"></div>\r\n</div>\r\n\r\n<p>Официально объявлено, что игра Gotham Knights выйдет 25 октября этого года.</p>\r\n\r\n<p>Gotham Knights - это экшн-RPG с открытым миром, действие которой разворачивается в самом динамичном и интерактивном Готэм-Сити на сегодняшний день. Патрулируйте пять различных районов Готэма в одиночку или с одним другим героем и участвуйте в преступной деятельности, где бы вы ее ни обнаружили. Главными героями будут: Бэтгерл, Найтвинг, Красный Колпак и Робин. <a href=\"https://store.steampowered.com/app/1496790/Gotham_Knights/\" target=\"_blank\">Страничка</a> в Steam</p>\r\n\r\n<div class=\"image-main\">\r\n    <img id=\"img\" src=\"https://assets.promediateknologi.com/crop/0x0:0x0/x/photo/2021/11/06/706142212.jpg\" alt=\"Gotham Knights\">\r\n</div>\r\n<p>Игра выйдет на ПК, PlayStation и Xbox.</p>\r\n\r\n<p>Официально объявлено, что игра Gotham Knights выйдет 25 октября этого года.</p>\r\n', 'https://live.staticflickr.com/65535/52041336860_2d21c4d584_h.jpg', 18, '2022-05-01 00:58:42', 0, 1),
(45, 'Анонсный трейлер PC Building Simulator 2', '<p>\r\nPC Building Simulator 2 выйдет в 2022 году в Epic Games Store. Ознакомьтесь с трейлером анонса PC Building Simulator 2, в котором представлены компоненты  AMD, Intel и другие доступные в игре.</p>\r\n    \r\n<p>PC Building Simulator 2 содержит более 1200 официально лицензированных деталей от AMD, Intel, NVIDIA и других производителей. Кроме того, в игре есть новый режим карьеры и многое другое.</p>', '<p>\r\nPC Building Simulator 2 выйдет в 2022 году в Epic Games Store. Ознакомьтесь с трейлером анонса PC Building Simulator 2, в котором представлены компоненты  AMD, Intel и другие доступные в игре.</p>\r\n\r\n<iframe width=\"100%\" height=\"100%\" src=\"https://www.youtube.com/embed/dIIEmbeAZkA\" title=\"YouTube video player\" frameborder=\"0\" allow=\"accelerometer; autoplay; clipboard-write; encrypted-media; gyroscope; picture-in-picture\" allowfullscreen></iframe>\r\n    \r\n<p>PC Building Simulator 2 содержит более 1200 официально лицензированных деталей от AMD, Intel, NVIDIA и других производителей. Кроме того, в игре есть новый режим карьеры и многое другое.</p>', 'https://live.staticflickr.com/65535/52039791967_e5b50c2389_h.jpg', 19, '2022-05-01 01:00:44', 2, 1),
(46, 'Игры Ubisoft, Microsoft и Rockstar стали не доступны в российском Steam', '<p>Из Steam для российских пользователей стали не доступны для приобретения игры издателей, приостановивших свою деятельность на территории страны из-за ситуации на Украине. Пользователи уже не могут купить Gears 5, игры серии Far Cry и Assassin\'s Creed и другие проекты Ubisoft, Microsoft, Rockstar и Take-Two. Однако если они уже были куплены, то из библиотеке не исчезают.</p>\r\n\r\n<p>Небольшой список интересных проектов, заблокированных в России:</p>\r\n<ul>\r\n    <li>New World</li>\r\n    <li>For Honnor</li>\r\n    <li>Dead by Daykight</li>\r\n    <li>The Witcher</li>\r\n    <li>Cyberpunk 2077</li>\r\n    <li>Rainbow Six</li>\r\n    <li>DOOM</li>\r\n    <li>Серия игр GTA</li>\r\n</ul>\r\n<p> Похоже, данный список будет постепенно дополнятся. Кстати, в нем пока нет игр EA, которая также обещала приостановить продажи своих проектов в России.</p>\r\n\r\n<p>Посмотреть полный список игр, которые пропадают для российских пользователей, можно на SteamDb.</p>', '<div class=\"image-main\">\r\n    <div><img src=\"https://live.staticflickr.com/65535/52039794582_6862edc896_b.jpg\"></div>\r\n</div>\r\n\r\n<p>Из Steam для российских пользователей стали не доступны для приобретения игры издателей, приостановивших свою деятельность на территории страны из-за ситуации на Украине. Пользователи уже не могут купить Gears 5, игры серии Far Cry и Assassin\'s Creed и другие проекты Ubisoft, Microsoft, Rockstar и Take-Two. Однако если они уже были куплены, то из библиотеке не исчезают.</p>\r\n\r\n<p>Небольшой список интересных проектов, заблокированных в России:</p>\r\n<ul>\r\n    <li>New World</li>\r\n    <li>For Honnor</li>\r\n    <li>Dead by Daykight</li>\r\n    <li>The Witcher</li>\r\n    <li>Cyberpunk 2077</li>\r\n    <li>Rainbow Six</li>\r\n    <li>DOOM</li>\r\n    <li>Серия игр GTA</li>\r\n</ul>\r\n<p> Похоже, данный список будет постепенно дополнятся. Кстати, в нем пока нет игр EA, которая также обещала приостановить продажи своих проектов в России.</p>\r\n\r\n<p>Посмотреть полный список игр, которые пропадают для российских пользователей, можно на <a href=\"https://steamdb.info/history/?filterkey=535\" target=\"_blank\">SteamDb</a>.</p>', 'https://live.staticflickr.com/65535/52039794582_6862edc896_b.jpg', 13, '2022-05-01 01:03:09', 2, 1),
(47, 'Топ продаж недели (8 - 13 марта)', '<p>Всё ещё первый. Третью неделю подряд ELDEN RING остается лидером по продажам в Steam. На второй строке расположился Steam Deck, а закрывает тройку лидеров делюкс издание ELDEN RING.</p>\r\n\r\n<p>Полный список прошлой недели выглядит следующим образом:</p>\r\n<ol>\r\n    <li>ELDEN RING</li>\r\n    <li>Steam Deck</li>\r\n    <li>ELDEN RING (одно из изданий)</li>\r\n    <li>Core Keeper</li>\r\n    <li>Risk of Rain 2: Survivors of the Void</li>\r\n    <li>Valve Index VR Kit</li>\r\n    <li>Red Dead Redemption 2</li>\r\n    <li>Dread Hunger</li>\r\n    <li>Dying Light 2 Stay Human</li>\r\n    <li>WWE 2K22</li>\r\n</ol>\r\n\r\n<p>Источник SteamDB</p>', '<p>Всё ещё первый. Третью неделю подряд ELDEN RING остается лидером по продажам в Steam. На второй строке расположился Steam Deck, а закрывает тройку лидеров делюкс издание ELDEN RING.</p>\r\n\r\n<p>Полный список прошлой недели выглядит следующим образом:</p>\r\n<ol>\r\n    <li>ELDEN RING</li>\r\n    <li>Steam Deck</li>\r\n    <li>ELDEN RING (одно из изданий)</li>\r\n    <li>Core Keeper</li>\r\n    <li>Risk of Rain 2: Survivors of the Void</li>\r\n    <li>Valve Index VR Kit</li>\r\n    <li>Red Dead Redemption 2</li>\r\n    <li>Dread Hunger</li>\r\n    <li>Dying Light 2 Stay Human</li>\r\n    <li>WWE 2K22</li>\r\n</ol>\r\n<div class=\"image-main\">\r\n    <div><img src=\"https://live.staticflickr.com/65535/52041092704_0aae7ca56a_b.jpg\"></div>\r\n</div>\r\n<p>Источник <a href=\"https://steamdb.info/topsellers/\" target=\"_blank\">SteamDB</a></p>', 'https://live.staticflickr.com/65535/52040436173_6eb8e490aa_h.jpg', 13, '2022-05-01 01:07:11', 4, 1),
(48, 'Опубликовано 18 минут геймплея Ghostwire: Tokyo', '<p>Скоро до релиза доберётся паранормальный экшен GhostWire: Tokyo. И в преддверии этого события IGN опубликовал 18 минут геймплея.</p>\r\n\r\n<p>Описание игры:</p>\r\n<blockquote>\r\n    После того как по вине зловещего оккультиста население Токио в один миг исчезло без следа, город оказался во власти смертоносных потусторонних сил. Объедините силы с могучим потусторонним существом, которым движет жажда возмездия, овладейте целым арсеналом мощных способностей, раскройте тайну исчезновения людей и БРОСЬТЕ ВЫЗОВ НЕИЗВЕДАННОМУ в Ghostwire: Tokyo.\r\n</blockquote>', '<p>Скоро до релиза доберётся паранормальный экшен GhostWire: Tokyo. И в преддверии этого события IGN опубликовал 18 минут геймплея.</p>\r\n\r\n<iframe width=\"1863\" height=\"795\" src=\"https://www.youtube.com/embed/wki4dEza97A\" title=\"YouTube video player\" frameborder=\"0\" allow=\"accelerometer; autoplay; clipboard-write; encrypted-media; gyroscope; picture-in-picture\" allowfullscreen></iframe>\r\n\r\n<p>Описание игры:</p>\r\n<blockquote>\r\n    После того как по вине зловещего оккультиста население Токио в один миг исчезло без следа, город оказался во власти смертоносных потусторонних сил. Объедините силы с могучим потусторонним существом, которым движет жажда возмездия, овладейте целым арсеналом мощных способностей, раскройте тайну исчезновения людей и БРОСЬТЕ ВЫЗОВ НЕИЗВЕДАННОМУ в Ghostwire: Tokyo.\r\n</blockquote>', 'https://live.staticflickr.com/65535/52040106831_f96806353e_h.jpg', 20, '2022-05-01 01:10:20', 1, 1),
(49, 'В EGS бесплатно раздают In Sound Mind', '<p>На календаре четверг, значит, в Epic Games Store снова раздают халяву. С сегодняшнего дня магазин дарит <a href=\"https://store.epicgames.com/ru/p/in-sound-mind\" target=\"_blank\">In Sound Mind</a> - захватывающие воображение психологические ужасы от первого лица с безумными головоломками, уникальными схватками с боссами и оригинальной музыкой в исполнении группы The Living Tombstone. Анализируйте череду тревожных воспоминаний и сражайтесь, перемещаясь по потайным местам собственного разума, откуда вы не можете выбраться.</p>\r\n\r\n<p>Распродажа заканчивается 24.03.2022 в 18:00</p>\r\n<p>Источник<a href=\"https://store.epicgames.com/ru/p/in-sound-mind\"> Epic Games</a></p>', '<p>На календаре четверг, значит, в Epic Games Store снова раздают халяву. С сегодняшнего дня магазин дарит <a href=\"https://store.epicgames.com/ru/p/in-sound-mind\" target=\"_blank\">In Sound Mind</a> - захватывающие воображение психологические ужасы от первого лица с безумными головоломками, уникальными схватками с боссами и оригинальной музыкой в исполнении группы The Living Tombstone. Анализируйте череду тревожных воспоминаний и сражайтесь, перемещаясь по потайным местам собственного разума, откуда вы не можете выбраться.</p>\r\n\r\n<iframe width=\"1863\" height=\"795\" src=\"https://www.youtube.com/embed/EydFQ_q5EIw\" title=\"YouTube video player\" frameborder=\"0\" allow=\"accelerometer; autoplay; clipboard-write; encrypted-media; gyroscope; picture-in-picture\" allowfullscreen></iframe>\r\n\r\n<p>Источник <a href=\"https://store.epicgames.com/ru/p/in-sound-mind\" target=\"_blank\"> Epic Games</a></p>', 'https://live.staticflickr.com/65535/52039068962_d9a8538127_h.jpg', 22, '2022-05-01 01:12:21', 14, 1),
(50, 'Новый геймплейный ролик Lego Star Wars: The Skywalker Saga', '<p>В ролике можно увидеть прохождение различных эпизодов игры. Например, уровни по мотивам фильма «Звездные войн. Эпизод 4: Новая надежда», мини-игры и комичный эпизод с Дартом Вейдером из «Изгоя-один».</p>\r\n\r\n\r\n<p>Блогер показал способности некоторых персонажей и их прокачку, открытый мир, космические сражения. Он также продемонстрировал отдельные уровни игры, которые не связаны с сюжетом фильмов.</p>', '<p>В ролике можно увидеть прохождение различных эпизодов игры. Например, уровни по мотивам фильма «Звездные войн. Эпизод 4: Новая надежда», мини-игры и комичный эпизод с Дартом Вейдером из «Изгоя-один».</p>\r\n\r\n<iframe width=\"1863\" height=\"795\" src=\"https://www.youtube.com/embed/AT2gnFImDgs\" title=\"YouTube video player\" frameborder=\"0\" allow=\"accelerometer; autoplay; clipboard-write; encrypted-media; gyroscope; picture-in-picture\" allowfullscreen></iframe>\r\n\r\n<p>Блогер показал способности некоторых персонажей и их прокачку, открытый мир, космические сражения. Он также продемонстрировал отдельные уровни игры, которые не связаны с сюжетом фильмов.</p>', 'https://live.staticflickr.com/65535/52039066262_6d6dbdc978_h.jpg', 21, '2022-05-01 01:13:09', 4, 1),
(51, 'Показали геймплей Hogwarts Legacy', '<p>Sony провела очередной выпуск State of Play. Как и обещали организаторы до этого, главной темой мероприятия стала Hogwarts Legacy.</p>\r\n\r\n<p>Продемонстрировали геймплей, а также некоторые детали проекта. В том числе, разработчики уделили внимание редактору персонажа, магии, особым навыкам, зельеварению и полётам на метле. Также стало известно, что в игре будет разнообразие выбора костюмов.</p>\r\n\r\n<p>Релиз Hogwarts Legacy состоится в конце 2022 года.</p>', '<p>Sony провела очередной выпуск State of Play. Как и обещали организаторы до этого, главной темой мероприятия стала Hogwarts Legacy.</p>\r\n\r\n<p>Продемонстрировали геймплей, а также некоторые детали проекта. В том числе, разработчики уделили внимание редактору персонажа, магии, особым навыкам, зельеварению и полётам на метле. Также стало известно, что в игре будет разнообразие выбора костюмов.</p>\r\n\r\n<iframe width=\"1863\" height=\"795\" src=\"https://www.youtube.com/embed/2AZmuZNu5LA\" title=\"YouTube video player\" frameborder=\"0\" allow=\"accelerometer; autoplay; clipboard-write; encrypted-media; gyroscope; picture-in-picture\" allowfullscreen></iframe>\r\n\r\n<p>Релиз Hogwarts Legacy состоится в конце 2022 года.</p>', 'https://live.staticflickr.com/65535/52039078752_42bb2f2f05_h.jpg', 24, '2022-05-01 01:14:16', 10, 1),
(52, 'Дебютный трейлер новой хоррор-игры от создателей Until Dawn под названием The Quarry.', '<p>По сюжету, нескольким подросткам-вожатым из лагеря Hackett\'s Quarry предстоит отбиваться от местных жителей и загадочной сущности из леса.</p>\r\n\r\n<p>В игре будет 9 играбельных героев. Все персонажи будут озвучены известными актёрами. Как пример, одного из персонажей озвучит Тед Рейми - брат Сэма Рейми.</p>\r\n\r\n<p>Как и в прошлых проектах студии, присутствует вариативность развития событий, где всё зависит от каждого принятого игроками решения.</p>\r\n\r\n<p>Релиз состоится 10 июня на PC, Xbox One, Xbox Series X/S, PS4 и PS5.</p>', '<p>По сюжету, нескольким подросткам-вожатым из лагеря Hackett\'s Quarry предстоит отбиваться от местных жителей и загадочной сущности из леса.</p>\r\n\r\n<p>В игре будет 9 играбельных героев. Все персонажи будут озвучены известными актёрами. Как пример, одного из персонажей озвучит Тед Рейми - брат Сэма Рейми.</p>\r\n\r\n<p>Как и в прошлых проектах студии, присутствует вариативность развития событий, где всё зависит от каждого принятого игроками решения.</p>\r\n\r\n<iframe width=\"1863\" height=\"795\" src=\"https://www.youtube.com/embed/Zh2K7SxRHmo\" title=\"YouTube video player\" frameborder=\"0\" allow=\"accelerometer; autoplay; clipboard-write; encrypted-media; gyroscope; picture-in-picture\" allowfullscreen></iframe>\r\n\r\n<p>Релиз состоится 10 июня на PC, Xbox One, Xbox Series X/S, PS4 и PS5.</p>', 'https://live.staticflickr.com/65535/52023399247_77fa3a4436_k.jpg', 23, '2022-05-01 01:15:12', 23, 1);
INSERT INTO `articles` (`id`, `title`, `prewie_text`, `full_text`, `img`, `games_id`, `pubdate`, `views`, `slider`) VALUES
(53, 'Графические процессоры Intel Arc Готовы к показу: 750, A580 и A380 в конце мая / начале июня за 350/ 280 долларов', '<p>Согласно данным источника, первые настольные адаптеры выйдут либо в конце мая, либо в начале июня. Это будут Arc A750 и A580. Адаптеры будут позиционироваться против GeForce RTX 3060 и RTX 3050 соответственно, а цены, по слухам, будут равны 350 и 280 долларов. Спустя несколько недель (ориентировочно в июле) выйдет Arc A380 за 150 долларов и с производительностью на уровне GTX 1650.</p>', '<div class=\"image-main\">\r\n    <img src=\"https://www.iphones.ru/wp-content/uploads/2021/08/intelarc.jpg\">\r\n</div>\r\n\r\n<p>Согласно данным источника, первые настольные адаптеры выйдут либо в конце мая, либо в начале июня. Это будут Arc A750 и A580. Адаптеры будут позиционироваться против GeForce RTX 3060 и RTX 3050 соответственно, а цены, по слухам, будут равны 350 и 280 долларов. Спустя несколько недель (ориентировочно в июле) выйдет Arc A380 за 150 долларов и с производительностью на уровне GTX 1650.</p>\r\n<p>Таким образом, сначала Intel выведет на рынок среднебюджетные адаптеры, затем — модель младшего уровня, а вот флагманских решений придётся подождать, хотя обычно AMD и Nvidia делают наоборот.\r\n<p>\r\n<p>Источник: <a href=\"https://www.reddit.com/r/gadgets/comments/uj0kp3/intel_arc_gpus_ready_for_showtime_a750_a580_and/?utm_medium=android_app&utm_source=share\">reddit</a></p>', 'https://www.iphones.ru/wp-content/uploads/2021/08/intelarc.jpg', 13, '2022-05-07 21:25:48', 4, 1),
(54, 'FORTNITE СТАЛА БЕСПЛАТНОЙ ЧАСТЬЮ ОБЛАЧНОГО СЕРВИСА MICROSOFT', '<p>У Microsoft есть облачный сервис Cloud Gaming, предназначенный для стриминга игр на iOS, Android, Xbox и ПК. Доступ к услуге входит в состав подписки Game Pass Ultimate. Сегодня корпорация похвастала успехами Cloud Gaming и заодно поделилась радостной вестью — теперь в облачную версию Fortnite можно поиграть даже не имея подписки.</p>\r\n\r\n<p>На данный момент в России «облако» от Microsoft недоступно.</p>', '<p>У Microsoft есть облачный сервис Cloud Gaming, предназначенный для стриминга игр на iOS, Android, Xbox и ПК. Доступ к услуге входит в состав подписки Game Pass Ultimate. Сегодня корпорация похвастала успехами Cloud Gaming и заодно поделилась радостной вестью — теперь в облачную версию Fortnite можно поиграть даже не имея подписки.</p>\r\n\r\n<iframe width=\"973\" height=\"547\" src=\"https://www.youtube.com/embed/drViMnExFFE\" title=\"YouTube video player\" frameborder=\"0\" allow=\"accelerometer; autoplay; clipboard-write; encrypted-media; gyroscope; picture-in-picture\" allowfullscreen></iframe>\r\n\r\n<p>На данный момент в России «облако» от Microsoft недоступно.</p>', 'https://i.playground.ru/p/tQrZAXhvn_qpEAjLrmyCcg.jpeg', 25, '2022-05-07 23:41:01', 4, 1),
(64, 'Опубликован трейлер нового дополнения для Path of Exile', '<p><b>Grinding Gear Games</b> опубликовали трейлер нового дополнения для Path of Exile под заголовком <b>\"Sentinel\"</b>. </p>\r\n<p>В игру добавят <strong>стражей</strong>, они будут сопровождать и защищать игрока. Для стражей будет доступна гибкая прокачка с большим древом навыков.</p>\r\n<p>С обновлением также добавят <strong>лигу испытаний Sentinel, 20 пассивных умений атласа, 7 битв с убер-боссами, множество предметов и улучшений</strong>.</p>\r\n<p>Обновление выйдет уже 13 мая.</p>', '<p><b>Grinding Gear Games</b> опубликовали трейлер нового дополнения для Path of Exile под заголовком <b>\"Sentinel\"</b>. </p>\r\n<p>В игру добавят <strong>стражей</strong>, они будут сопровождать и защищать игрока. Для стражей будет доступна гибкая прокачка с большим древом навыков.</p>\r\n<div class=\"image-main\">\r\n    <img src=\"https://live.staticflickr.com/65535/52058793985_27fd549d68_b.jpg\" alt=\"Изображение стражей\" loading=\"lazy\">\r\n<div class=\"img-sub\">Стражи.</div>\r\n</div>\r\n<p>С обновлением также добавят <strong>лигу испытаний Sentinel, 20 пассивных умений атласа, 7 битв с убер-боссами, множество предметов и улучшений</strong>.</p>\r\n<iframe src=\"https://www.youtube.com/embed/EGZ590pCmrU\" title=\"YouTube video player\" frameborder=\"0\" allow=\"accelerometer; autoplay; clipboard-write; encrypted-media; gyroscope; picture-in-picture\" allowfullscreen></iframe>\r\n<p>Обновление выйдет уже 13 мая.</p>', 'https://live.staticflickr.com/65535/52058549829_8c258d9dec_h.jpg', 26, '2022-05-08 11:31:56', 15, 0),
(67, 'Запись 10-минутного Геймплея Ghostwire:Tokyo', '<p>IGN поделился 10-минутной записью  Ghostwire: Tokyo с PC-версии с включенной трассировкой лучей. Тестеры отмечают, что ролик записывался в разрешении 2560 x 1440 с использованием видеокарты RTX 2080ti.</p> \r\n \r\n<p>Ghostwire: Tokyo — экшен от первого лица от создателей The Evil Within. Главный герой будет исследовать улицы Токио, пытаясь остановить врагов, обладающих паранормальными способностями.</p>\r\n\r\n<p>Релиз запланирован на 25 марта 2022 года на PS5 и PC, однако в России игра не появится.</p>', '<p>IGN поделился 10-минутной записью  Ghostwire: Tokyo с PC-версии с включенной трассировкой лучей. Тестеры отмечают, что ролик записывался в разрешении 2560 x 1440 с использованием видеокарты RTX 2080ti.</p> \r\n \r\n<p>Ghostwire: Tokyo — экшен от первого лица от создателей The Evil Within. Главный герой будет исследовать улицы Токио, пытаясь остановить врагов, обладающих паранормальными способностями.</p>\r\n<iframe width=\"932\" height=\"524\" src=\"https://www.youtube.com/embed/I3xUanuvjE0\" title=\"YouTube video player\" frameborder=\"0\" allow=\"accelerometer; autoplay; clipboard-write; encrypted-media; gyroscope; picture-in-picture\" allowfullscreen></iframe>\r\n<p>Релиз запланирован на 25 марта 2022 года на PS5 и PC, однако в России игра не появится.</p>', 'https://tankistador.ru/wp-content/uploads/2019/07/sistemnye-trebovaniya-ghostwire-tokyo.jpg', 20, '2022-05-10 23:37:12', 6, 1),
(68, 'ELDEN RING УЖЕ ЧЕТЫРЕ НЕДЕЛИ ДЕРЖИТСЯ НА ПЕРВОМ МЕСТЕ', '<p> Valve опубликовала результаты минувшей недели продаж в Steam. Первое место продолжает удерживать Elden Ring — она доминирует в чарте уже четыре недели подряд.</p>\r\n\r\n<p> Показатели новой игры FromSoftware в Steam рифмуются с успехами на всех платформах: тираж Elden Ring превысил 12 миллионов копий. Несмотря на технические проблемы, пользователи тоже полюбили свежие «души»: на момент написания новости рейтинг в Steam составляет 87 %.</p>', '<p> Valve опубликовала результаты минувшей недели продаж в Steam. Первое место продолжает удерживать Elden Ring — она доминирует в чарте уже четыре недели подряд.</p>\r\n\r\n<p> Показатели новой игры FromSoftware в Steam рифмуются с успехами на всех платформах: тираж Elden Ring превысил 12 миллионов копий. Несмотря на технические проблемы, пользователи тоже полюбили свежие «души»: на момент написания новости рейтинг в Steam составляет 87 %.</p>\r\n\r\n<ol>\r\n<li>Одно из изданий Elden Ring.</li>\r\n<li>Steam Deck.</li>\r\n<li>It Takes Two.</li>\r\n<li>Monster Hunter Rise.</li>\r\n<li>Core Keeper.</li>\r\n<li>Valve Index VR Kit.</li>\r\n<li>Red Dead Redemption 2.</li>\r\n<li>Другое издание Elden Ring.</li>\r\n<li>Dread Hunger.</li>\r\n<li>WWE 2K22.</li>\r\n</ol>', 'https://live.staticflickr.com/65535/52040436173_6eb8e490aa_h.jpg', 13, '2022-05-11 00:12:37', 3, 1);

-- --------------------------------------------------------

--
-- Структура таблицы `comments`
--

CREATE TABLE `comments` (
  `id` int NOT NULL,
  `article_id` int NOT NULL,
  `comment` text NOT NULL,
  `user_login` varchar(50) CHARACTER SET utf8 COLLATE utf8_general_ci NOT NULL,
  `user_avatar` text,
  `publication_date` datetime NOT NULL DEFAULT CURRENT_TIMESTAMP
) ENGINE=InnoDB DEFAULT CHARSET=utf8mb3;

--
-- Дамп данных таблицы `comments`
--

INSERT INTO `comments` (`id`, `article_id`, `comment`, `user_login`, `user_avatar`, `publication_date`) VALUES
(47, 52, 'ывиыаи', 'Администратор: gamenews', 'img/users_logo/gamenews/7391gamenews8583gamenewssales.jpg', '2022-05-07 18:48:37'),
(48, 52, 'Ghbdtn', 'Anton', 'img/users_logo/Anton/5179Anton164774-tandzhiro_kamado-ubijca_demonov_kimetsu_no_yaiba-anime-purpur-art-1920x1080.jpg', '2022-05-07 18:49:18'),
(49, 54, 'оо', 'hob4', '', '2022-05-07 23:42:23'),
(50, 54, 'как пофиг', 'hob4', '', '2022-05-07 23:42:31'),
(51, 55, ':D', 'naruto', 'img/users_logo/naruto/1775naruto.png', '2022-05-08 11:37:22'),
(52, 54, 'Чё сразу пофиг', 'naruto', 'img/users_logo/naruto/1775naruto.png', '2022-05-08 11:37:42'),
(53, 53, 'дорохо', 'naruto', 'img/users_logo/naruto/1775naruto.png', '2022-05-08 11:39:53'),
(54, 64, 'Интересно', 'hob4', 'img/users_logo/hob4/9834hob4.jpg', '2022-05-10 23:25:00'),
(55, 51, 'Наконец-то', 'hob4', 'img/users_logo/hob4/9834hob4.jpg', '2022-05-10 23:26:48'),
(56, 67, 'А я первый', 'Администратор: gamenews', 'img/users_logo/gamenews/2119gamenews.jpg', '2022-05-10 23:57:11');

-- --------------------------------------------------------

--
-- Структура таблицы `games`
--

CREATE TABLE `games` (
  `id` int NOT NULL,
  `name_game` varchar(100) CHARACTER SET utf8 COLLATE utf8_general_ci NOT NULL,
  `Gimg` text CHARACTER SET utf8 COLLATE utf8_general_ci NOT NULL,
  `description` text CHARACTER SET utf8 COLLATE utf8_general_ci,
  `platform` varchar(100) DEFAULT NULL,
  `genre` varchar(100) DEFAULT NULL,
  `release_date` date DEFAULT NULL
) ENGINE=InnoDB DEFAULT CHARSET=utf8mb3;

--
-- Дамп данных таблицы `games`
--

INSERT INTO `games` (`id`, `name_game`, `Gimg`, `description`, `platform`, `genre`, `release_date`) VALUES
(1, 'Deathloop', 'https://live.staticflickr.com/65535/52038850892_cc8c3a9e09_h.jpg', '<p>Deathloop — шутер нового поколения от студии Arkane Lyon, авторов серии Dishonored.</p> \r\n<p>Deathloop— это история о двух идеальных убийцах, застрявших в загадочной временной петле. Они обречены проживать один и тот же день снова и снова.</p>', 'PC, PS5', 'Экшен', '2022-03-24'),
(2, 'The Witcher 3: Wild Hunt', 'https://live.staticflickr.com/65535/52039909641_821671eb46_k.jpg', '<p>The Witcher 3: Wild Hunt — заключительная часть трилогии приключений ведьмака Геральта. Действие игры разворачивается спустя небольшой промежуток времени после событий второй части. Нильфгаард благополучно завоевал Темерию и планирует подмять под себя остальные северные земли. Тем временем знаменитый ведьмак Геральт из Ривии и его мудрый наставник Весемир нападают на след пропавшей чародейки Йеннифэр, по совместительству являющейся давней возлюбленной Белого Волка. Вас ожидает насыщенный приключениями игровой мир, блестящий сюжет, отличная боевая система, потрясающая картинка, нелинейность и уютная атмосфера.</p>', 'PC, XboxSX/S, PS5, NSW, XboxOne, PS4', 'Экшен, RPG', '2015-05-18'),
(3, 'Battlefield 2042', 'https://live.staticflickr.com/65535/52040168824_3d9ed62fe2_k.jpg', '<p>Battlefield™ 2042 — это шутер от первого лица, в котором серия возвращается к легендарным масштабным сражениям. Адаптируйтесь и преодолевайте трудности в мире ближайшего будущего, где царит хаос. Отправляйтесь на невероятно масштабные и постоянно меняющиеся поля боя для 128 игроков со своим отрядом и арсеналом новейших технологий.</p>', 'PC, XboxSX/S, PS5, XboxOne, PS4', 'Шутер, Экшен', '2020-11-19'),
(4, 'PUBG: BATTLEGROUNDS', 'https://live.staticflickr.com/65535/52039920801_1136b036bd_k.jpg', '<p>Высаживайтесь в стратегически важных местах, добывайте оружие и припасы и постарайтесь выжить и остаться последней командой на одном из многочисленных полей боя.</p>\r\n<p>Собирайтесь в отряд и присоединяйтесь к бою! Вас ждет оригинальная королевская битва, доступная только в PUBG: BATTLEGROUNDS.</p>', 'PC, Android, XboxOne, PS4, IOS', 'Королевская битва, Шутер', '2017-12-21'),
(5, 'Rust', 'https://live.staticflickr.com/65535/52039971003_762579f784_b.jpg', '<p>Единственная цель в Rust – выжить.</p>\r\n\r\n<p>Для этого вам понадобится преодолеть такие трудности, как голод, жажда и холод. Разведите костер. Постройте убежище. Убивайте животных, чтобы добыть мясо. Защищайте себя от других игроков и убивайте их, чтобы добыть мясо. Создавайте союзы с другими игроками и сформируйте город.</p>\r\n\r\n<p>Делайте все возможное, чтобы выжить.</p>', 'PC, XboxOne, PS4', 'Выживания', '2018-02-08'),
(6, 'Marvel\'s Spider-Man', 'https://live.staticflickr.com/65535/52038897157_2c77bf0421_b.jpg', '<p>Marvel\'s Spider-Man — аркадный экшен с видом от третьего лица в серии игр о Человеке-пауке. История покажет изменения в человеке после того, как он надевает маску и становится супергероем. Вас ожидает огромный игровой мир, активная система работы с окружением, уникальный костюм главного героя и множество приемов ведения боя. Мэр Нью-Йорка Норман Озборн приказывает Серебряному Соболю и другим наемникам убить Человека-паука, которого обвиняют в массовом беспорядке. Герой должен будет победить злодеев и вернуть себе честное имя.</p>', 'PS4, PS5', 'Экшен, От третьего лица, открытый мир', '2018-09-07'),
(7, 'Naruto Shippuden Ultimate Ninja Storm 4', 'https://live.staticflickr.com/65535/52038906432_dd8ffb63ef_h.jpg', '<p>Вас ждет последняя захватывающая и красочная глава в прославленной серии STORM. Насладитесь полностью новой боевой системой и подготовьтесь к погружению в самые эпические сражения в серии NARUTO SHIPPUDEN: Ultimate Ninja STORM!</p>', 'PC, PS4, XONE', 'Файтинг, Экшен, Аниме', '2016-02-05'),
(8, 'Dota 2', 'https://live.staticflickr.com/65535/52040201859_2dc944f0c4_k.jpg', '<p>Ежедневно миллионы игроков по всему миру сражаются от лица одного из более сотни героев Dota 2, и даже после тысячи часов в ней есть чему научиться. Благодаря регулярным обновлениям игра живёт своей жизнью: геймплей, возможности и герои постоянно преображаются.</p>', 'PC', 'MOBA', '2013-07-09'),
(9, 'Counter-Strike: Global Offensive', 'https://live.staticflickr.com/65535/52038911162_4af3b8fdca_h.jpg', '<p>Counter-Strike: Global Offensive (CS: GO) — популярный соревновательный командный шутер с видом от первого лица. Основная идеология — противостояние двух команд, а именно террористов против контр-террористов. В начале каждого раунда, вам предстоит выбрать одну из противоборствующих сторон и выполнить задание карты или устранить всех противников. При выполнении задания или уничтожения противников вы получаете деньги, которые можно потратить на покупку оружия, боеприпасов или амуниции.</p>', 'PC, Xbox360, PS3, XboxOne', 'Шутер, Шутер от первого лица', '2012-08-21'),
(10, 'Sea of Thieves', 'https://live.staticflickr.com/65535/52040469745_5a3a445b35_k.jpg', '<p>Sea of Thieves — многопользовательский ролевой экшен с видом от первого лица на пиратскую тематику. Благодаря широким возможностям многопользовательского режима, вы вместе с другими игроками сможете управлять большим пиратским судном. Каждому игроку отведена определенная роль. В игре присутствуют зрелищные морские бои, а также динамическая система разрушения корабля. Вам предстоит действовать сообща при масштабных сражениях, чтобы судно не получило пробоины и не утонуло.</p>', 'PC, XboxOne', 'Приключения, Шутер', '2018-03-20'),
(11, 'Euro Truck Simulator 2 ', 'https://live.staticflickr.com/65535/52040210684_c2b1493c5a_b.jpg', '<p>Станьте королем европейских дорог — водителем грузовика, который доставляет важные грузы на немалые расстояния! Вас ждут десятки городов Великобритании, Бельгии, Германии, Италии, Нидерландов, Польши и не только. Испытайте свои умения, выносливость и скорость. Докажите, что готовы стать частью элитного сообщества дальнобойщиков!</p>', 'PC', 'Симулятор транспортного средства', '2012-10-18'),
(12, 'Elden Ring', 'https://live.staticflickr.com/65535/52039962556_cfb45347cd_k.jpg', '<p>НОВЫЙ ФЭНТЕЗИЙНЫЙ РОЛЕВОЙ БОЕВИК.</p>\r\n<p>Восстань, погасшая душа! Междуземье ждёт своего повелителя. Пусть благодать приведёт тебя к Кольцу Элден.</p>\r\n\r\n<ul>\r\n<li>Огромный захватывающий мир\r\nОгромный мир с открытыми полями, множеством ситуаций и гигантскими подземельями, где сложные трёхмерные конструкции сочетаются воедино. Путешествуйте, преодолевайте смертельные опасности и радуйтесь успехам.</li>\r\n\r\n<li>Создайте своего персонажа\r\nВы можете не только изменить внешность персонажа, но также комбинировать оружие, броню и предметы. Развивайте персонажа по своему вкусу. Наращивайте мышцы или постигайте таинства магии.</li>\r\n\r\n<li>Эпическая драма, выросшая из мифа\r\nМногослойная история, разбитая на фрагменты. Эпическая драма, в которой мысли персонажей пересекаются в Междуземье.</li>\r\n\r\n<li>Уникальный сетевой режим, приближающий вас к другим игрокам\r\nПомимо многопользовательского режима, в котором вы напрямую подключаетесь к другим игрокам и путешествуете вместе, есть асинхронный сетевой режим, позволяющий ощутить присутствие других игроков.</li>\r\n</ul>', 'PC, XboxSX/S, PS5, XboxOne, PS4', 'Экшен, RPG', '2022-02-25'),
(13, 'Другое', 'https://live.staticflickr.com/65535/52039975371_7c28525963_h.jpg', NULL, NULL, NULL, NULL),
(14, 'Haven', 'https://live.staticflickr.com/65535/52040028608_aee4ef374b_h.jpg', '<p>Играйте одновременно за двух влюблённых, которые ищут своё место в незнакомом мире. Исследуйте планету, собирайте ценные ресурсы и мастерите из них всё необходимое для выживания. Наслаждайтесь узнаваемыми моментами повседневной жизни: вместе готовьте еду, обустраивайте свое уютное гнездышко и ведите разговоры о жизни.\r\nСражайтесь с теми, кто хочет вас разлучить, координируя действия обоих персонажей в динамичных боях. Только идеальная слаженность позволит им спастись и сохранить свои отношения.</p>', 'PC, XboxSX/S, PS5, NSE, XboxOne, PS4', 'RPG', '2020-12-03'),
(15, 'Shadow  Warrior 3', 'https://live.staticflickr.com/65535/52038938667_3bcd02c007_k.jpg', '<p>Опальный корпоративный сегун Ло Ванг и его бывший работодатель, злейший враг, а впоследствии помощник Орочи Зилла берутся за невозможную задачу: поймать древнего дракона, которого они случайно сами и освободили из вечного заточения. Вооружившись убойным сочетанием клинков и стволов, Ло Вангу предстоит пройти через неизведанные края, выследить темного зверя и вновь предотвратить конец света. Для этого ему понадобятся всего-навсего маска мертвого бога, яйцо дракона и немножко магии. А еще достаточно огневой мощи, чтобы порвать в клочья гостей из Царства Теней.</p>', 'PC, XboxSX/S, XboxOne, PS4', 'Шутер от первого лица', '2022-03-01'),
(16, 'Elex 2', 'https://live.staticflickr.com/65535/52039018557_a04e074ac1_k.jpg', '<p>ELEX II – продолжение ELEX, винтажной ролевой игры с открытым миром от знаменитой студии Piranha Bytes, разработчиков Gothic и Risen. В ELEX II вам предстоит вернуться в постапокалиптический мир Магалана – благодаря реактивному ранцу вам откроется небывалая свобода в исследовании его многоликих просторов.</p>', 'PC, XboxSX/S, PS5', 'Открытый мир, Экшен, RPG', '2022-03-01'),
(17, 'Gran Turismo 7', 'https://live.staticflickr.com/65535/52039019957_c20098c1cb_b.jpg', '<p>Gran Turismo 7 — юбилейная часть одного из самых популярных автосимуляторов современности и главная гоночная игра для консоли PlayStation. Сохранила ли новинка фирменный стиль серии или превратилась в нечто иное? Я проехал сотни километров и готов поделиться впечатлениями.</p>', 'PS4, PS5', ' Гоночная игра', '2022-03-04'),
(18, 'Gotham Knights', 'https://live.staticflickr.com/65535/52040597410_bf384840dd_k.jpg', '<p>Бэтмен мёртв. Растущий с невероятной скоростью преступный мир захлестнул улицы Готэм-Сити. Теперь всё зависит от семьи Бэтмена: Бэтгёрл, Найтвинга, Красного Колпака и Робина. Только они способны защитить Готэм, дать надежду его гражданам, научить дисциплине его полицейских и внушить страх его преступникам. От разгадки тайн, которые связывают самые тёмные главы в истории города, до победы над печально известными злодеями в эпических сражениях - в конце концов вы должны стать новым Тёмным рыцарем и спасти город от погружения в беспросветный хаос.</p>\r\n\r\n<p>\"Рыцари Готэма\" – это игра с открытым миром в жанре приключенческого боевика, действие которой разворачивается на оживленных улицах Готэм-Сити. Патрулируйте самостоятельно или с одним из других героев пять различных районов Готэма и пресекайте преступную деятельность, где бы вы её ни обнаружили.</p>', 'PC, XboxSX/S, PS5, XboxOne, PS4', 'Экшен, Супергерои, Кооператив', NULL),
(19, 'PC Building Simulator 2', 'https://live.staticflickr.com/65535/52039062002_7d2c0cea04_c.jpg', '<p>Учитесь чинить, собирать и настраивать компьютеры и стройте собственную империю. В игре более глубокая симуляция, улучшенный режим карьеры и новые возможности персонализации. Постройте величайший ПК в своей жизни из реалистичных комплектующих более 40 настоящих марок!</p>', 'PC', 'Симулятор', NULL),
(20, 'Ghostwire: Tokyo', 'https://live.staticflickr.com/65535/52040106831_f96806353e_h.jpg', 'После того как по вине зловещего оккультиста население Токио в один миг исчезло без следа, город оказался во власти смертоносных потусторонних сил. Объедините силы с могучим потусторонним существом, которым движет жажда возмездия, овладейте целым арсеналом мощных способностей, раскройте тайну исчезновения людей и БРОСЬТЕ ВЫЗОВ НЕИЗВЕДАННОМУ в Ghostwire: Tokyo.', 'PC, PS5', 'Экшен', '2022-03-25'),
(21, 'Lego Star Wars: The Skywalker Saga', 'https://live.staticflickr.com/65535/52039066262_6d6dbdc978_h.jpg', '<p>Пройдите все девять фильмов саги Скайуокеров в игре, не похожей ни на какую другую. Более 300 игровых персонажей, более 100 транспортных средств и 23 планеты для исследования — далёкая-далёкая галактика ещё никогда не была такой увлекательной!</p>', 'PC, XboxSX/S, PS5, NSW, XboxOne, PS4', 'Экшен, Аркада', '2022-04-05'),
(22, 'In Sound Mind', 'https://live.staticflickr.com/65535/52039068962_00f93700bb_k.jpg', '<p>Вы просыпаетесь в коридорах странного здания, где окружающая обстановка живёт своей жизнью и приводит вас к нескольким жертвам, каждая из которых пережила одну и ту же экспериментальную терапию. Пока вы пытаетесь разобраться в происходящем, вам являются жуткие видения, леденящие душу кошмары... и кошка Tonia.</p>\r\n<p>Создатели культовой классической игры Nightmare House 2 выпустили новую: In Sound Mind. Это остроумный психологический триллер от первого лица, полный безумных головоломок и боёв с уникальными боссами. Проживите неприятные воспоминания и пройдите по лабиринту того места, откуда вам нипочём не сбежать — собственного разума.</p>', 'PC, PS5, XboxSX/S, NSW', 'Хоррор', '2021-09-29'),
(23, 'The Quarry', 'https://live.staticflickr.com/65535/52023399247_250bd94308_h.jpg', '<p>The Quarry — интерактивная приключенческая игра с видом от третьего лица и элементами хоррора в духе фильмов 80-х и 90-х от создателей Until Dawn и серии The Dark Pictures Anthology. События развернутся в летнем лагере, а главными героями выступят девять школьников-вожатых, за которыми начинают охоту обитающий в лесу монстр и местные жители. От принятых вами решений будет зависеть, кто из школьников выживет, а кто умрёт. Проходить игру можно как в одиночку, так и в локальном или сетевом кооперативе, который выполнен в духе The Dark Pictures Anthology. Одни игроки будут управлять героями, другие — голосовать за определённое решение.</p>', 'PC, PS5, PS4, XboxOne, XboxSX/S', 'Хоррор', '2022-06-10'),
(24, 'Hogwarts Legacy', 'https://live.staticflickr.com/65535/52039078752_42bb2f2f05_h.jpg', '<p>\"Хогвартс. Наследие\" – это ролевая игра с открытым миром, созданным по книгам о Гарри Поттере. Отправляйтесь в путешествие, находите фантастических тварей, меняйте своего персонажа, варите зелья, изучайте заклинания, развивайте таланты, чтобы стать настоящим волшебником.</p>\r\n                    <p>Ваш персонаж – студент, владеющий ключом к древней тайне. Ищите союзников и сражайтесь с темными волшебниками, чтобы решить судьбу волшебного мира. Ваше наследие – это то, что вы делаете. Напишите свою собственную историю.</p>', 'PC, XboxSX/S, PS5, NSW, XboxOne, PS4', 'Приключения, RPG, Фэнтези', NULL),
(25, 'Fortnite', 'https://i.playground.ru/p/xt-JVR6f6G3B_8rYGaSYLQ.jpeg', '<p>Fortnite — это бесплатная игра в жанре «королевская битва» с массой различных развлечений. Наслаждайтесь общением с друзьями, пока смотрите фильм или концерт, создавайте и обустраивайте собственные острова или сражайтесь до последнего выжившего.</p>', 'PC, Android, PS5, Nintendo Switch, XboxOne, PS4', 'Королевская Битва', '2017-07-27'),
(26, 'Path of Exile', 'https://live.staticflickr.com/65535/52058549829_8c258d9dec_h.jpg', '<p>Вы - изгнанник, который пытается выжить в мрачном мире Рэкласта. Сражаясь за свою жизнь, вы пытаетесь отомстить тем, кто обрёк вас на эту участь. Path of Exile создана игроками для игроков. Это онлайн Action RPG в тёмном фэнтэзийном мире. Игра полностью бесплатна и не имеет Pay-to-Win элементов.</p>', 'PC, XboxOne, PS4', 'MMORPG, MMO, Фэнтези', '2013-10-23');

-- --------------------------------------------------------

--
-- Структура таблицы `shops`
--

CREATE TABLE `shops` (
  `game_id` int NOT NULL,
  `steam_link` text CHARACTER SET utf8 COLLATE utf8_general_ci,
  `steam_price` int DEFAULT NULL,
  `gabestore_link` text CHARACTER SET utf8 COLLATE utf8_general_ci,
  `gabestore_price` int DEFAULT NULL,
  `EpicGames_link` text CHARACTER SET utf8 COLLATE utf8_general_ci,
  `EpicGames_price` int DEFAULT NULL,
  `SteamPay_link` text CHARACTER SET utf8 COLLATE utf8_general_ci,
  `SteamPay_price` int DEFAULT NULL,
  `SousBuy_link` text CHARACTER SET utf8 COLLATE utf8_general_ci,
  `SousBuy_price` int DEFAULT NULL,
  `ZakaZaka_link` text CHARACTER SET utf8 COLLATE utf8_general_ci,
  `ZakaZAka_price` int DEFAULT NULL
) ENGINE=InnoDB DEFAULT CHARSET=utf8mb3;

--
-- Дамп данных таблицы `shops`
--

INSERT INTO `shops` (`game_id`, `steam_link`, `steam_price`, `gabestore_link`, `gabestore_price`, `EpicGames_link`, `EpicGames_price`, `SteamPay_link`, `SteamPay_price`, `SousBuy_link`, `SousBuy_price`, `ZakaZaka_link`, `ZakaZAka_price`) VALUES
(1, NULL, NULL, NULL, NULL, 'https://store.epicgames.com/ru/p/deathloop', 2399, 'https://steampay.com/game/deathloop?agent=120615', 1995, NULL, NULL, 'https://zaka-zaka.com/game/deathloop', 1999),
(2, NULL, NULL, NULL, NULL, NULL, NULL, NULL, NULL, NULL, NULL, NULL, NULL),
(3, NULL, NULL, 'https://gabestore.ru/game/battlefield-2042', 3499, 'https://store.epicgames.com/ru/p/battlefield-2042?epic_creator_id=1277509c6283416f800451b9abfb4dc2', 3499, 'https://steampay.com/game/battlefield-2042?agent=120615', 3199, NULL, NULL, 'https://zaka-zaka.com/game/battlefield-2042', 3299),
(4, 'https://store.steampowered.com/app/578080/PUBG_BATTLEGROUNDS/?cc=ru', 0, NULL, NULL, NULL, NULL, NULL, NULL, NULL, NULL, NULL, NULL),
(5, 'https://store.steampowered.com/app/252490/Rust/?cc=ru', 3000, NULL, NULL, NULL, NULL, NULL, NULL, NULL, NULL, NULL, NULL),
(6, NULL, NULL, NULL, NULL, NULL, NULL, NULL, NULL, NULL, NULL, NULL, NULL),
(7, 'https://store.steampowered.com/app/349040/NARUTO_SHIPPUDEN_Ultimate_Ninja_STORM_4/?cc=ru', 1249, 'https://gabestore.ru/game/naruto-shippuden-ultimate-ninja-storm-4', 249, NULL, NULL, 'https://steampay.com/game/naruto-shippuden-ultimate-ninja-storm-4?agent=120615', 185, 'https://sous-buy.ru/catalog/naruto-shippuden-ultimate-ninja-storm-4-hd/hotgame', 231, 'https://zaka-zaka.com/game/naruto-shippuden-ultimate-ninja-storm-4', 191),
(8, 'https://store.steampowered.com/app/570/Dota_2/?cc=ru', 0, NULL, NULL, NULL, NULL, NULL, NULL, NULL, NULL, NULL, NULL),
(9, 'https://store.steampowered.com/app/730/CounterStrike_Global_Offensive/?cc=ru', 0, NULL, NULL, NULL, NULL, NULL, NULL, NULL, NULL, NULL, NULL),
(10, 'https://store.steampowered.com/app/1172620/Sea_of_Thieves/', 3499, NULL, NULL, NULL, NULL, NULL, NULL, NULL, NULL, NULL, NULL),
(11, 'https://store.steampowered.com/app/227300/Euro_Truck_Simulator_2/?cc=ru', 599, 'https://gabestore.ru/game/euro-truck-simulator-2-going-east', 249, NULL, NULL, NULL, NULL, 'https://sous-buy.ru/catalog/euro-truck-simulator-2/hotgame', 436, NULL, NULL),
(12, 'https://store.steampowered.com/app/1245620/ELDEN_RING/', 3999, 'https://gabestore.ru/game/elden-ring-deluxe-edition', 5299, NULL, NULL, 'https://steampay.com/game/elden-ring?agent=120615', 3999, NULL, NULL, NULL, NULL),
(14, 'https://store.steampowered.com/app/983970/Haven/?cc=ru', 465, 'https://gabestore.ru/game/haven', 399, 'https://store.epicgames.com/ru/p/haven', 549, 'https://steampay.com/game/haven?agent=120615', 355, 'https://sous-buy.ru/catalog/haven-key/hotgame', 390, 'https://zaka-zaka.com/game/haven', 365),
(15, 'https://store.steampowered.com/app/1036890/Shadow_Warrior_3/?cc=ru', 1999, NULL, NULL, NULL, NULL, NULL, NULL, NULL, NULL, NULL, NULL),
(16, 'https://store.steampowered.com/app/900040/ELEX_II/?cc=ru', 1999, 'https://gabestore.ru/game/elex-ii', 1799, 'https://store.epicgames.com/ru/p/elex-ii', 1999, 'https://steampay.com/game/elex-ii?agent=120615', 1695, NULL, NULL, 'https://zaka-zaka.com/game/elex-ii', 1699),
(17, NULL, NULL, NULL, NULL, NULL, NULL, NULL, NULL, NULL, NULL, NULL, NULL),
(18, NULL, NULL, NULL, NULL, NULL, NULL, NULL, NULL, NULL, NULL, NULL, NULL),
(19, NULL, NULL, NULL, NULL, NULL, NULL, NULL, NULL, NULL, NULL, NULL, NULL),
(20, NULL, NULL, NULL, NULL, 'https://store.epicgames.com/ru/p/ghostwire-tokyo', 2399, NULL, NULL, NULL, NULL, NULL, NULL),
(21, NULL, NULL, NULL, NULL, 'https://store.epicgames.com/ru/p/lego-star-wars-the-skywalker-saga', 1699, NULL, NULL, NULL, NULL, NULL, NULL),
(22, 'https://store.steampowered.com/app/1119980/In_Sound_Mind/?cc=ru', 619, 'https://gabestore.ru/game/in-sound-mind', 619, 'https://store.epicgames.com/ru/p/in-sound-mind', 619, 'https://steampay.com/game/in-sound-mind?agent=120615', 619, NULL, NULL, NULL, NULL),
(23, NULL, NULL, NULL, NULL, NULL, NULL, NULL, NULL, NULL, NULL, NULL, NULL),
(24, NULL, NULL, NULL, NULL, NULL, NULL, NULL, NULL, NULL, NULL, NULL, NULL),
(25, NULL, NULL, NULL, NULL, 'https://store.epicgames.com/ru/p/fortnite', 0, NULL, NULL, NULL, NULL, NULL, NULL),
(26, 'https://store.steampowered.com/app/238960/Path_of_Exile/', 0, NULL, NULL, 'https://store.epicgames.com/ru/p/path-of-exile', 0, NULL, NULL, NULL, NULL, NULL, NULL);

-- --------------------------------------------------------

--
-- Структура таблицы `user`
--

CREATE TABLE `user` (
  `id` int NOT NULL,
  `login` varchar(50) CHARACTER SET utf8 COLLATE utf8_general_ci NOT NULL,
  `email` varchar(255) CHARACTER SET utf8 COLLATE utf8_general_ci NOT NULL,
  `password` varchar(255) CHARACTER SET utf8 COLLATE utf8_general_ci NOT NULL,
  `user_avatar` text CHARACTER SET utf8 COLLATE utf8_general_ci,
  `admin` int NOT NULL DEFAULT '0' COMMENT 'Является ли пользователь администратором (1 - является, 0 - не является)'
) ENGINE=InnoDB DEFAULT CHARSET=utf8mb3;

--
-- Дамп данных таблицы `user`
--

INSERT INTO `user` (`id`, `login`, `email`, `password`, `user_avatar`, `admin`) VALUES
(1, 'Anton', 'cool.55652014@yandex.ru', '$2y$10$W5wQPzoePSlxluWZ80ZZFeGesgcRfBfHU4btnIROmQwinWSK9SaWC', NULL, 0),
(2, 'hob4', 'mr.strup@mail.ru', '$2y$10$hBUEmi/po/YoTrvL3aikpeXqXpLre88rND4FotW5aL8hjTe30v78C', 'img/users_logo/hob4/9834hob4.jpg', 0),
(3, 'gamenews', 'a.arhipov01@mail.ru', '$2y$10$qk8w5JpQ5WEGvPamLj5OdegiL19qxWUUjalHL0/X79hx7TXfZBc3G', 'img/users_logo/gamenews/2119gamenews.jpg', 1),
(4, 'naruto', 'idalexandr21@vk.com', '$2y$10$xgVcpERal2rLs3xi7aI4w.wDnPITUteV7AOBi9WXlHO.h03384KpW', NULL, 0);

--
-- Индексы сохранённых таблиц
--

--
-- Индексы таблицы `articles`
--
ALTER TABLE `articles`
  ADD PRIMARY KEY (`id`),
  ADD KEY `games_id` (`games_id`);

--
-- Индексы таблицы `comments`
--
ALTER TABLE `comments`
  ADD PRIMARY KEY (`id`);

--
-- Индексы таблицы `games`
--
ALTER TABLE `games`
  ADD PRIMARY KEY (`id`);

--
-- Индексы таблицы `shops`
--
ALTER TABLE `shops`
  ADD PRIMARY KEY (`game_id`);

--
-- Индексы таблицы `user`
--
ALTER TABLE `user`
  ADD PRIMARY KEY (`id`);

--
-- AUTO_INCREMENT для сохранённых таблиц
--

--
-- AUTO_INCREMENT для таблицы `articles`
--
ALTER TABLE `articles`
  MODIFY `id` int NOT NULL AUTO_INCREMENT, AUTO_INCREMENT=69;

--
-- AUTO_INCREMENT для таблицы `comments`
--
ALTER TABLE `comments`
  MODIFY `id` int NOT NULL AUTO_INCREMENT, AUTO_INCREMENT=57;

--
-- AUTO_INCREMENT для таблицы `games`
--
ALTER TABLE `games`
  MODIFY `id` int NOT NULL AUTO_INCREMENT, AUTO_INCREMENT=34;

--
-- AUTO_INCREMENT для таблицы `shops`
--
ALTER TABLE `shops`
  MODIFY `game_id` int NOT NULL AUTO_INCREMENT, AUTO_INCREMENT=27;

--
-- AUTO_INCREMENT для таблицы `user`
--
ALTER TABLE `user`
  MODIFY `id` int NOT NULL AUTO_INCREMENT, AUTO_INCREMENT=6;

--
-- Ограничения внешнего ключа сохраненных таблиц
--

--
-- Ограничения внешнего ключа таблицы `articles`
--
ALTER TABLE `articles`
  ADD CONSTRAINT `articles_ibfk_1` FOREIGN KEY (`games_id`) REFERENCES `games` (`id`) ON DELETE RESTRICT ON UPDATE RESTRICT;

--
-- Ограничения внешнего ключа таблицы `shops`
--
ALTER TABLE `shops`
  ADD CONSTRAINT `shops_ibfk_1` FOREIGN KEY (`game_id`) REFERENCES `games` (`id`) ON DELETE RESTRICT ON UPDATE RESTRICT;
COMMIT;

/*!40101 SET CHARACTER_SET_CLIENT=@OLD_CHARACTER_SET_CLIENT */;
/*!40101 SET CHARACTER_SET_RESULTS=@OLD_CHARACTER_SET_RESULTS */;
/*!40101 SET COLLATION_CONNECTION=@OLD_COLLATION_CONNECTION */;
